domain,title,business_name,country,seo_score,tech_spend,crawled_at,technologies
dc4you.de,STACKIT Colocation: Secure server hosting,,AUT,87,31386,2026-02-20T10:25:19.428655023Z,"['Adyen', 'Alternate Protocol', 'Amazon', 'Azure Edge', 'Bing Cashback', 'Booking Affiliate', 'CDN JS', 'Cloudflare', 'Cloudflare CDN', 'Content Delivery Network', 'DoubleClick Bid Manager', 'ElementUI', 'Facebook Reseller', 'Fireblade', 'Friendly Captcha', 'GZIP Module', 'GitHub Hosting', 'Google', 'Google Analytics', 'Google Cloud DNS', 'Google Font API', 'Google My Business', 'Google Reseller', 'Google Tag Manager', 'LinkedIn Pixel', 'MYRACLOUD', 'Microsoft Azure', 'OneTrust Domain Verification', 'QUIC', 'UTF-8', 'University or College', 'Walls.io', 'YouTube']"
clarks.az,"Clarks Shoes & Footwear | Sandals, Shoes, Boots & Accessories",,,67,730234,2026-02-20T09:06:46.985329347Z,"['Adobe Marketing Cloud', 'Adyen', 'Agilone', 'Alternate Protocol', 'Amazon', 'Amazon CloudFront', 'Amazon Route 53', 'Amazon WAF Blocked', 'AppNexus Direct', 'Apture Linking Platform', 'Aruba', 'Attentive', 'Azure Edge', 'BidSwitch Direct', 'Bing Cashback', 'ByteDance', 'CM Commerce', 'Checkout.com', 'CloudFront', 'Cloudflare', 'Cloudflare Web Analytics', 'Cloudinary', 'Content Delivery Network', 'Content Square', 'Criteo', 'DemDex', 'DoubleClick Bid Manager', 'Express', 'Flourish', 'GZIP Module', 'GetResponse', 'GitHub Hosting', 'Google', 'Google Analytics', 'Google Cloud DNS', 'Google Font API', 'Google My Business', 'Google Reseller', 'Google Tag Manager', 'Improve Digital Direct', 'Instagram Follow Button', 'IponWeb BidSwitch', 'JotForm', 'Klarna', 'Line2', 'Media.net', 'Media.net Reseller', 'Mediavine Publisher', 'Microsoft Azure', 'Microsoft Clarity', 'Monetate', 'Narvar', 'New Relic', 'Next.js', 'Ntent', 'Oddle', 'OneTrust Domain Verification', 'Outbrain Direct', 'Parcel', 'PayPal Adaptive Payments', 'PepperJam Network', 'Pleroma', 'Pubmatic', 'QUIC', 'RM Education', 'Salesforce Audience Studio', 'Shipping Rates Calculator', 'SiteW', 'SmartAdServer Direct', 'Smooch', 'Styled Components', 'Taboola Direct', 'Taboola Reseller', 'Tailwind CSS', 'Triple Lift Direct', 'Twitter Ads', 'UTF-8', 'UpSellit', 'Vine Embed', 'Yieldlab', 'Yieldlab Direct', 'Yieldmo Direct', 'YouTube', 'Zendesk Embeddables', 'eLand', 'iGoDigital']"
spa-werfenweng.aja.de,aja Bergresort Werfenweng,,,72,95428,2026-02-17T13:35:08.791516328Z,"['Adyen', 'DoubleClick Bid Manager', 'Express', 'Facebook Reseller', 'Fireblade', 'GZIP Module', 'Google', 'Google Analytics', 'Google Cloud CDN', 'Google Cloud DNS', 'Google Font API', 'Google My Business', 'Google Related Website Sites', 'Google Tag Manager', 'Instagram Follow Button', 'Nginx', 'Ogone', 'PayPal Adaptive Payments', 'Tealium', 'UTF-8', 'Zendesk Embeddables']"
euroetar.com,Eurostar.com: Book Europe Train Tickets and Holidays,Eurostar,BEL,77,266302,2026-02-16T19:45:40.903043663Z,"['AWS WAF Challenge', 'Adyen', 'Alternate Protocol', 'Amazon', 'Amazon API Gateway', 'Amazon CloudFront', 'Amazon Route 53', 'Amazon S3 CDN', 'AppNexus Direct', 'Apple Auto Link Maker', 'Apture Linking Platform', 'Baidu Cloud', 'Bing Cashback', 'Bing Conversion Tracking', 'ByteDance', 'CloudFront', 'Content Delivery Network', 'Content Square', 'Corporate Governance and Regulatory Compliance', 'DAV', 'Didomi', 'DoubleClick Bid Manager', 'Engage', 'Envoy', 'Express', 'Facebook Reseller', 'Fastly', 'Fastly CDN', 'Financial Services Guide', 'Fireblade', 'GZIP Module', 'Google', 'Google Analytics', 'Google Cloud DNS', 'Google Font API', 'Google Maps', 'Google Matched Content', 'Google My Business', 'Google Play', 'Google Reseller', 'Google Tag Manager', 'Idaq', 'Instagram Follow Button', 'Kommunicate', 'LaunchDarkly', 'Microdata for Google Shopping', 'Musement', 'Next.js', 'PayPal Adaptive Payments', 'QUIC', 'RM Education', 'RTB House Direct', 'Sanity', 'Smart App Banner', 'SpeedCurve', 'Storyblocks', 'Sucuri Cloudproxy', 'Tealium', 'The Trade Desk Direct', 'Twitter Ads', 'Twitter Analytics', 'UTF-8', 'Usabilla', 'Varnish', 'Workable', 'Yahoo Image CDN', 'Yandex Hosting', 'YouTube', 'reCAPTCHA']"
saintlouischessconference.org,The 2026 Saint Louis Chess Conference,,SEN,82,35800,2026-02-14T16:36:06.221084694Z,"['AWS WAF Challenge', 'Adobe Creative Cloud WebFonts', 'Adyen', 'Alternate Protocol', 'Apture Linking Platform', 'Aruba', 'Cloudflare', 'Cloudflare Stream', 'Cloudflare Web Analytics', 'Corporate Governance and Regulatory Compliance', 'Express', 'Fireblade', 'Google Analytics', 'Google Cloud DNS', 'Google Font API', 'Google My Business', 'Google Tag Manager', 'Idaq', 'MaxCDN', 'Microdata for Google Shopping', 'RegFox', 'Tailwind CSS', 'Twitter Ads', 'UTF-8', 'Webconnex', 'WordPress', 'eLand']"
startselect.name,Buy Gift Cards Online | Fast & Secure at Startselect,,,72,37809,2026-02-09T13:01:21.229015333Z,"['AWS WAF Challenge', 'Adobe Creative Cloud WebFonts', 'Adyen', 'Alternate Protocol', 'App Store', 'Apture Linking Platform', 'Aruba', 'Cloudflare', 'Cloudflare CDN', 'Cloudflare Turnstile', 'Cybot', 'Express', 'Fireblade', 'Google Analytics', 'Google My Business', 'Google Play', 'Google Related Website Sites', 'Google Tag Manager', 'Instagram Follow Button', 'LaunchDarkly', 'Lever', 'Microdata for Google Shopping', 'PWA', 'QUIC', 'Schema Plugin', 'Sitelinks Search Box', 'Smart App Banner', 'Tailwind CSS', 'Thank You', 'UTF-8', 'YouTube', 'eLand', 'shadcn ui']"
worcesterboschpro.com,New Boilers | Worcester Bosch,,,62,54720,2026-02-07T13:27:45.837077228Z,"['Adyen', 'Amazon', 'CDN JS', 'Cloudflare', 'Cloudflare CDN', 'DAV', 'DoubleClick Bid Manager', 'Facebook Conversion Tracking', 'Facebook Login', 'Facebook Messenger Platform', 'Facebook Pixel', 'Facebook Reseller', 'Facebook Tag API', 'Fireblade', 'GZIP Module', 'Google', 'Google Analytics', 'Google Cloud DNS', 'Google Maps', 'Google My Business', 'Google Tag Manager', 'HHVM', 'Hotjar', 'IcoMoon', 'Instagram Follow Button', 'LinkedIn Insights', 'Monster', 'New Relic', 'Nginx', 'OptinMonster', 'QUIC', 'RM Education', 'Tailwind CSS', 'Trustpilot Reviews for WordPress', 'Twitter Ads', 'Twitter Analytics', 'UTF-8', 'VWO Engage', 'Vimeo', 'Visual Website Optimizer', 'YouTube']"
spa-warnemuende.aja.de,aja Warnemünde,,,62,110428,2026-02-05T23:23:02.467553328Z,"['Adyen', 'DoubleClick Bid Manager', 'Facebook Reseller', 'GZIP Module', 'Google', 'Google Analytics', 'Google Cloud CDN', 'Google Cloud DNS', 'Google Font API', 'Google My Business', 'Google Related Website Sites', 'Google Tag Manager', 'Instagram Follow Button', 'Nginx', 'Ogone', 'PHP', 'PayPal Adaptive Payments', 'Tealium', 'The Fresh', 'UTF-8', 'Zendesk Embeddables']"
psychotherapie-we.at,Home | Eva Weingartmair,,,55,45947,2026-02-04T16:11:34.758075794Z,"['Adyen', 'Apyl', 'CCSI', 'DAV', 'Ethy', 'Financial Services Guide', 'Font Awesome', 'GZIP Module', 'Google', 'Google Cloud CDN', 'Hexo', 'IPFS', 'Idaq', 'K2F', 'KVH', 'M247', 'Nationwide Mortgage Licensing System and Registry', 'Nginx', 'No-Q', 'O2MC Dimml', 'Perl', 'QUIC', 'SMC', 'Silicon Valley Web Hosting', 'Subversion', 'UTF-8', 'Unix']"
sjozxinfgttenants.sbs,Gift Vouchers - Bentley's Oyster Bar & Grill,,,57,40492,2026-02-04T08:03:21.940096053Z,"['Adyen', 'Amazon', 'Bing Cashback', 'Bing Conversion Tracking', 'Bunny Fonts', 'ByteDance', 'CDN JS', 'Cloudflare', 'Cloudflare CDN', 'Cloudflare Stream', 'ConvertBox', 'CookieYes', 'CrazyEgg', 'Crisp', 'Cybot', 'DoubleClick Bid Manager', 'ElementUI', 'Express', 'Facebook Login', 'Facebook Messenger Platform', 'Facebook Pixel', 'Facebook Reseller', 'Facebook Tag API', 'Fastly CDN', 'Feefo', 'Fonts.com', 'FullStory', 'GZIP Module', 'GetSiteControl', 'Google', 'Google Analytics', 'Google Cloud DNS', 'Google Font API', 'Google Matched Content', 'Google My Business', 'Google Reseller', 'Google Tag Manager', 'Hubspot', 'Intercom', 'Line2', 'LinkedIn Pixel', 'LiveChat', 'LiveChat Monitoring', 'Microsoft Clarity', 'Myma AI', 'NFOrce Internet', 'Nudgify', 'OneTrust Domain Verification', 'Oracle Cloud', 'Oribi Analytics', 'Plerdy', 'Sentry', 'Storyblocks', 'Stripe', 'Taboola Direct', 'Taboola Reseller', 'UTF-8', 'Userguest', 'Yahoo Image CDN', 'iGoDigital', 'jsDelivr', 'reCAPTCHA']"
peachfitdanceexpo.com,PeachFit Dance Expo,,USA,77,133105,2026-02-03T05:01:52.090102427Z,"['AWS WAF Challenge', 'Adyen', 'Amazon', 'Amazon S3 CDN', 'Aruba', 'Bing Cashback', 'Calendly', 'ClickCease', 'Cloudflare', 'Cloudflare CDN', 'Cloudflare Web Analytics', 'Criteo', 'Datadog', 'DemDex', 'DoubleClick Bid Manager', 'ElementUI', 'Express', 'Fireblade', 'Font Awesome', 'Google', 'Google Analytics', 'Google Cloud DNS', 'Google Font API', 'Google My Business', 'Google Tag Manager', 'Gravity', 'Idaq', 'Instagram Follow Button', 'MaxCDN', 'Microdata for Google Shopping', 'Microsoft Clarity', 'Mouseflow', 'No-Q', 'PayPal Adaptive Payments', 'RegFox', 'Seflow Italy', 'Sentry', 'Share Link', 'Squarespace', 'StatusPage IO', 'Storyblocks', 'Tailwind CSS', 'The Trade Desk', 'Twitter Ads', 'UTF-8', 'University or College', 'Vimeo CDN', 'Way', 'Webconnex', 'Webflow', 'YouTube', 'eLand', 'jsDelivr']"
rexelenergysolutions.ie,Kellihers Electrical | Online Retailer for Energy Efficient Products,,,55,54522,2026-02-02T03:38:30.885245285Z,"['Adyen', 'Amazon WAF Blocked', 'Bing Cashback', 'DAV', 'Fastly', 'Financial Services Guide', 'Fireblade', 'Font Awesome', 'GZIP Module', 'Google', 'Google Analytics', 'Google Cloud CDN', 'Google Cloud DNS', 'Google Font API', 'Google My Business', 'Google Tag Manager', 'KVH', 'Microdata for Google Shopping', 'Microsoft Azure', 'Microsoft Clarity', 'Microsoft Dynamics 365 Commerce', 'Perl', 'QUIC', 'SMC', 'Subversion', 'UTF-8', 'Vector Internet Services', 'WhatsApp Sharing', 'YouTube', 'eLand']"
lydiarollekey.com,Home | Sell Your Smarts,,,60,60,2026-02-02T00:43:48.883404907Z,"['Adyen', 'GZIP Module', 'Google', 'Google Analytics', 'Google Cloud CDN', 'Google Tag Manager', 'Nginx', 'QUIC', 'UTF-8', 'Ubuntu']"
animalpark.es,Animal Park - Mascotas,,BRA,62,17400,2026-01-28T19:29:40.086989469Z,"['Adyen', 'Alternate Protocol', 'Fireblade', 'GZIP Module', 'Google', 'Google Analytics', 'Google Cloud CDN', 'Google My Business', 'Google Tag Manager', 'Instagram Follow Button', 'Nginx', 'Tailwind CSS', 'UTF-8', 'WhatsApp Sharing', 'YouTube']"
lifebooker.com,"Booksy - hair stylists, barbers, beauticians... book appointments online!",,USA,72,145320,2026-01-27T16:34:43.439701676Z,"['Adyen', 'Alternate Protocol', 'Amazon', 'Amazon CloudFront', 'Amazon S3 CDN', 'Apple Auto Link Maker', 'Cisco/Arrowpoint Content Service Switch', 'ClickOn', 'CloudFront', 'DoubleClick Bid Manager', 'Envoy', 'Facebook Login', 'Facebook Messenger Platform', 'Facebook Pixel', 'Facebook Reseller', 'Google Analytics', 'Google Cloud DNS', 'Google Cloud Storage', 'Google My Business', 'Google Play', 'Google Related Website Sites', 'Google Tag Manager', 'HelpShift', 'Instagram Follow Button', 'Istio', 'Microdata for Google Shopping', 'Nuxt.js', 'QUIC', 'SMC', 'Storyblocks', 'UTF-8', 'uPress']"
patientsreach.io,Log In,,,40,10194,2026-01-26T08:19:43.431225999Z,"['AWS WAF Challenge', 'Adyen', 'Amazon', 'Amazon CloudFront', 'Amazon Route 53', 'Amazon S3 CDN', 'CDN JS', 'CloudFront', 'Cloudflare', 'Cloudflare CDN', 'Cloudflare Turnstile', 'DoubleClick Bid Manager', 'Fireblade', 'Font Awesome', 'GZIP Module', 'Giphy', 'Google', 'Google Analytics', 'Google Cloud DNS', 'Google Font API', 'Google Maps', 'Google My Business', 'Google Tag Manager', 'Intercom', 'MyFonts', 'NFOrce Internet', 'Nginx', 'Ntent', 'Storyblocks', 'Stripe', 'Tailwind CSS', 'Twitter Ads', 'UTF-8', 'Upscope', 'YouTube', 'jsDelivr']"
iammomsummit.com,"I Am Mom Summit Provo - Nov 15th, 2025",,,62,127335,2026-01-22T03:58:49.037875603Z,"['AWS WAF Challenge', 'Adyen', 'Amazon', 'Bing Cashback', 'Calendly', 'ClickCease', 'Cloudflare', 'Cloudflare CDN', 'Cloudflare Web Analytics', 'Criteo', 'DemDex', 'DoubleClick Bid Manager', 'ElementUI', 'Express', 'Facebook Login', 'Facebook Messenger Platform', 'Facebook Pixel', 'Facebook Reseller', 'Facebook Tag API', 'Fireblade', 'Font Awesome', 'Google', 'Google Analytics', 'Google Cloud DNS', 'Google Font API', 'Google My Business', 'Google Tag Manager', 'Idaq', 'Instagram Follow Button', 'MaxCDN', 'Microdata for Google Shopping', 'Microsoft Clarity', 'Mouseflow', 'PayPal Adaptive Payments', 'RegFox', 'Seflow Italy', 'Squarespace', 'StatusPage IO', 'Storyblocks', 'The Trade Desk', 'Twitter Ads', 'UTF-8', 'Vimeo CDN', 'Way', 'Webconnex', 'Webflow', 'YouTube', 'jsDelivr']"
carhireexcess.com.au,Car Hire Excess Insurance | Cheap Quotes Fast,,,77,15720,2026-01-21T19:18:23.683134903Z,"['Adyen', 'AutoComplete', 'Better Lead Generation Services', 'Cloudflare', 'Cloudflare CDN', 'Fireblade', 'Google Analytics', 'Google My Business', 'Google Related Website Sites', 'Google Tag Manager', 'Microdata for Google Shopping', 'Schema Plugin', 'Tailwind CSS', 'UTF-8']"
woblee.net,Woblee,,USA,60,1036,2026-01-19T04:58:26.736133185Z,"['Adyen', 'Alternate Protocol', 'Aruba', 'Elementor', 'EmbedPress', 'Express', 'FormSubmit', 'GZIP Module', 'Google', 'Google Cloud CDN', 'Google Cloud DNS', 'Google Font API', 'IcoMoon', 'Metform Elemento', 'Nginx', 'Oddle', 'PHP', 'QUIC', 'Slider Revolution', 'Theme In WP', 'UTF-8', 'Ubuntu', 'Woo Themes', 'WooCommerce', 'WooCommerce Checkout', 'WordPress', 'WordPress Multisite', 'YITH WooCommerce Compare', 'YouTube', 'eLand', 'jQuery']"
karnasch.tools,Shop for High Quality Machining and Cutting Tools | Karnasch Tools,,DEU,77,22569,2026-01-18T22:07:43.431154976Z,"['Adyen', 'Apture Linking Platform', 'CookieConsent', 'DoubleClick Bid Manager', 'GZIP Module', 'Google', 'Google Analytics', 'Google Cloud CDN', 'Google My Business', 'Google Related Website Sites', 'Google Tag Manager', 'Hubspot', 'Microdata for Google Shopping', 'Microsoft Azure', 'PayPal Adaptive Payments', 'Pico CSS', 'QUIC', 'Queue', 'Tailwind CSS', 'Trustpilot Reviews for WordPress', 'UTF-8', 'Visual Studio', 'Weglot', 'WordPress SEO Structured Data Schema Plugin', 'YouTube', 'reCAPTCHA']"
bourbonandbabyteeth.com,BABT 2026 - Bourbon in the Valley,,USA,72,130103,2026-01-18T05:56:00.547665826Z,"['AWS WAF Challenge', 'Adult Content', 'Adyen', 'Alternate Protocol', 'Amazon', 'Aruba', 'Bing Cashback', 'Calendly', 'ClickCease', 'Cloudflare', 'Cloudflare CDN', 'Cloudflare Web Analytics', 'Criteo', 'DemDex', 'DoubleClick Bid Manager', 'ElementUI', 'Express', 'Fireblade', 'Font Awesome', 'Google', 'Google Analytics', 'Google Cloud DNS', 'Google Font API', 'Google My Business', 'Google Tag Manager', 'Idaq', 'MaxCDN', 'Microsoft Clarity', 'Mouseflow', 'NFOrce Internet', 'Oddle', 'PayPal Adaptive Payments', 'QUIC', 'RegFox', 'Seflow Italy', 'Squarespace', 'StatusPage IO', 'Tailwind CSS', 'The Trade Desk', 'Twitter Ads', 'UTF-8', 'University or College', 'Vimeo', 'Vimeo CDN', 'Way', 'Webconnex', 'Webflow', 'YouTube', 'eLand', 'jsDelivr']"
helohealth.com,Nutramatic | helohealth,,IRL,70,2640,2026-01-15T08:10:43.44984537Z,"['Adyen', 'GZIP Module', 'Google', 'Google Analytics', 'Google Cloud CDN', 'Google Tag Manager', 'Instagram Follow Button', 'Nginx', 'Tailwind CSS', 'UTF-8', 'Vimeo', 'eLand']"
blackradioawards.com,"NBRHOF Class of 2025 Induction Program, St Louis",,,52,46936,2026-01-13T19:57:19.128329671Z,"['AWS WAF Challenge', 'Adyen', 'Amazon', 'Bing Cashback', 'Calendly', 'ClickCease', 'Cloudflare', 'Cloudflare CDN', 'Cloudflare Web Analytics', 'Criteo', 'DemDex', 'DoubleClick Bid Manager', 'ElementUI', 'Express', 'Fireblade', 'Font Awesome', 'Google', 'Google Analytics', 'Google Cloud DNS', 'Google Font API', 'Google My Business', 'Google Tag Manager', 'Idaq', 'MaxCDN', 'Microsoft Clarity', 'Mouseflow', 'PayPal Adaptive Payments', 'Seflow Italy', 'Squarespace', 'StatusPage IO', 'Storyblocks', 'The Trade Desk', 'TicketSpice', 'Twitter Ads', 'UTF-8', 'Vimeo CDN', 'Way', 'Webconnex', 'Webflow', 'YouTube', 'jsDelivr']"
bigboreblast.com,Big Bore Blast 2026,,,57,46951,2026-01-13T18:16:43.427497688Z,"['AWS WAF Challenge', 'Adyen', 'Amazon', 'Amazon S3 CDN', 'Aruba', 'Bing Cashback', 'Calendly', 'ClickCease', 'Cloudflare', 'Cloudflare CDN', 'Cloudflare Web Analytics', 'Criteo', 'DemDex', 'DoubleClick Bid Manager', 'ElementUI', 'Express', 'Fireblade', 'Font Awesome', 'Google', 'Google Analytics', 'Google Cloud DNS', 'Google Font API', 'Google My Business', 'Google Tag Manager', 'Idaq', 'MaxCDN', 'Microsoft Clarity', 'Mouseflow', 'PayPal Adaptive Payments', 'Seflow Italy', 'Squarespace', 'StatusPage IO', 'Storyblocks', 'Tailwind CSS', 'The Trade Desk', 'TicketSpice', 'Twitter Ads', 'UTF-8', 'Vimeo CDN', 'Way', 'Webconnex', 'Webflow', 'YouTube', 'eLand', 'jsDelivr']"
clarkscanada.com,"Clarks Shoes & Footwear | Sandals, Shoes, Boots & Accessories",,USA,87,728926,2026-01-13T06:00:57.810548198Z,"['Adobe Marketing Cloud', 'Adyen', 'Agilone', 'Alternate Protocol', 'Amazon', 'Amazon CloudFront', 'Amazon Route 53', 'Amazon WAF Blocked', 'AppNexus Direct', 'Apture Linking Platform', 'Aruba', 'Attentive', 'Azure Edge', 'BidSwitch Direct', 'Bing Cashback', 'ByteDance', 'CM Commerce', 'Checkout.com', 'CloudFront', 'Cloudflare', 'Cloudflare Web Analytics', 'Cloudinary', 'Content Delivery Network', 'Content Square', 'Criteo', 'Daily Deals', 'DemDex', 'DoubleClick Bid Manager', 'Express', 'Flourish', 'GZIP Module', 'GetResponse', 'GitHub Hosting', 'Google', 'Google Analytics', 'Google Cloud DNS', 'Google Font API', 'Google My Business', 'Google Reseller', 'Google Tag Manager', 'Improve Digital Direct', 'Instagram Follow Button', 'IponWeb BidSwitch', 'JotForm', 'Klarna', 'Line2', 'Media.net', 'Media.net Reseller', 'Mediavine Publisher', 'Microsoft Azure', 'Microsoft Clarity', 'Monetate', 'Narvar', 'New Relic', 'Next.js', 'Ntent', 'OneTrust Domain Verification', 'Outbrain Direct', 'Parcel', 'PayPal Adaptive Payments', 'PepperJam Network', 'Pleroma', 'Pubmatic', 'QUIC', 'RM Education', 'Salesforce Audience Studio', 'Shipping Rates Calculator', 'SmartAdServer Direct', 'Smooch', 'Styled Components', 'Taboola Direct', 'Taboola Reseller', 'Tailwind CSS', 'Triple Lift Direct', 'Twitter Ads', 'UTF-8', 'UpSellit', 'Vine Embed', 'Yieldlab', 'Yieldlab Direct', 'Yieldmo Direct', 'YouTube', 'Zendesk Embeddables', 'eLand', 'iGoDigital']"
modaoperandi.us,Women's Designer Clothing Collections & Runway Fashion | Moda Operandi,,,42,2086,2026-01-07T08:15:42.785919291Z,"['Adult Content', 'Adyen', 'Affirm', 'Alternate Protocol', 'Amazon', 'Amazon CloudFront', 'Amazon Route 53', 'Amazon WAF Blocked', 'Amazon Widgets', 'Apple Auto Link Maker', 'CloudFront', 'Content Delivery Network', 'Google Related Website Sites', 'Instagram Follow Button', 'Login and Pay with Amazon', 'QUIC', 'RM Education', 'Segment', 'SiteW', 'Smart App Banner', 'SmartyStreets', 'Twitter Ads', 'UTF-8']"
iqsa.co.uk,Find Your Perfect Student Accommodation in the UK | iQ Student Accommodation,,GBR,72,68908,2026-01-06T10:18:49.664242346Z,"['Adyen', 'Akamai Global Host', 'Alternate Protocol', 'Amazon', 'Amazon CloudFront', 'Amazon Route 53', 'Baidu Ads', 'Baidu Analytics', 'Baidu Cloud', 'Bing Cashback', 'Bing Conversion Tracking', 'CDN JS', 'CloudFront', 'Cloudflare', 'Cloudflare CDN', 'Content Delivery Network', 'CrazyEgg', 'DoubleClick Bid Manager', 'Drupal', 'ElementUI', 'Fresh Relevance', 'GZIP Module', 'GitHub Hosting', 'Google', 'Google Analytics', 'Google My Business', 'Google Reseller', 'Google Tag Manager', 'IPFS', 'Instagram Follow Button', 'Microsoft Clarity', 'New Relic', 'No-Q', 'OneTrust Domain Verification', 'Parcel', 'QUIC', 'SegmentStream', 'Share Link', 'Taboola Direct', 'Taboola Reseller', 'Tailwind CSS', 'Twitter Ads', 'Twitter Analytics', 'UTF-8', 'University or College', 'VWO Engage', 'Visa Checkout', 'Visual Website Optimizer', 'YouTube', 'Zendesk Embeddables', 'jsDelivr']"
conro.com,"Specialist Distributor of Adhesives, Cleaners & Tools | ConRo",,GBR,82,27449,2026-01-01T20:44:42.733418503Z,"['Adyen', 'Alternate Protocol', 'Apture Linking Platform', 'Aruba', 'Cloudflare', 'CookieConsent', 'Fireblade', 'Google', 'Google Analytics', 'Google Cloud CDN', 'Google My Business', 'Google Tag Manager', 'Instagram Follow Button', 'Microdata for Google Shopping', 'Microsoft Azure', 'PayPal Adaptive Payments', 'Perl', 'QUIC', 'Stripe', 'Subversion', 'Tailwind CSS', 'Tawk', 'Trustpilot Reviews for WordPress', 'Twitter Ads', 'UTF-8', 'Visual Studio', 'Weglot', 'WordPress SEO Structured Data Schema Plugin', 'YouTube', 'eLand', 'jsDelivr', 'reCAPTCHA']"
nakd.com,NA-KD - Women's fashion online | NA-KD,,,52,26931,2025-12-31T20:36:34.416105455Z,"['Adult Content', 'Adyen', 'Alternate Protocol', 'Amazon WAF Blocked', 'Baidu Cloud', 'Cloudflare', 'Coming Soon Page', 'Corporate Governance and Regulatory Compliance', 'Episerver Search Navigation', 'Express', 'GZIP Module', 'Google', 'Google Analytics', 'Google Cloud DNS', 'Google Font API', 'Google My Business', 'Google Related Website Sites', 'Google Tag Manager', 'GroupMe', 'InitiativeS', 'Instagram Follow Button', 'Microdata for Google Shopping', 'Microsoft Clarity', 'NFOrce Internet', 'Ntent', 'Parcel', 'Perl', 'QUIC', 'Raygun', 'Subversion', 'Thank You', 'UTF-8', 'Vector Internet Services', 'Yandex Hosting', 'YouTube', 'eLand']"
silmid.com,Aircraft Maintenance Chemicals | Aerospace Consumables - Silmid,,USA,82,20429,2025-12-30T09:13:55.624208775Z,"['Adyen', 'Apture Linking Platform', 'Aruba', 'CookieConsent', 'Crowdsignal', 'ElementUI', 'GZIP Module', 'Google', 'Google Analytics', 'Google Cloud CDN', 'Google My Business', 'Google Tag Manager', 'HubSpot Conversations', 'Hubspot', 'Instagram Follow Button', 'Microdata for Google Shopping', 'Microsoft Azure', 'PayPal Adaptive Payments', 'QUIC', 'Tailwind CSS', 'Twitter Ads', 'UTF-8', 'Visual Studio', 'Weglot', 'WordPress SEO Structured Data Schema Plugin', 'YouTube', 'eLand', 'reCAPTCHA']"
napit.org.uk,Promoting Excellence In The Building Services & Fabric Sector | NAPIT,,,60,10468,2025-12-30T06:51:29.324472406Z,"['Adyen', 'Apture Linking Platform', 'Cloudflare', 'Cloudflare CDN', 'CookieConsent', 'Fireblade', 'Font Awesome', 'Google', 'Google Analytics', 'Google Cloud CDN', 'Google My Business', 'Google Tag Manager', 'Instagram Follow Button', 'Microdata for Google Shopping', 'Microsoft Azure', 'PayPal Adaptive Payments', 'Perl', 'Pico CSS', 'QUIC', 'Stripe', 'Tawk', 'Tockify', 'Trustpilot Reviews for WordPress', 'UTF-8', 'University or College', 'Visual Studio', 'WordPress SEO Structured Data Schema Plugin', 'YouTube', 'jsDelivr', 'reCAPTCHA']"
martinelli.es,Leather Shoes & Heels |Martinelli Official Online Store,,FRA,77,565540,2025-12-29T21:55:25.303949678Z,"['Adyen', 'Alternate Protocol', 'Apture Linking Platform', 'CQuotient', 'Cloudflare', 'Fireblade', 'Google Analytics', 'Google Tag Manager', 'Instagram Follow Button', 'QUIC', 'Quotient', 'Salesforce Commerce Cloud', 'Tailwind CSS', 'Twitter Ads', 'UTF-8']"
spa-scharmuetzelsee.aja.de,aja Bad Saarow,,,62,80428,2025-12-29T21:10:38.324221018Z,"['Adyen', 'DoubleClick Bid Manager', 'Facebook Reseller', 'GZIP Module', 'Google', 'Google Analytics', 'Google Cloud CDN', 'Google Cloud DNS', 'Google Font API', 'Google My Business', 'Google Related Website Sites', 'Google Tag Manager', 'Instagram Follow Button', 'Nginx', 'Ogone', 'PayPal Adaptive Payments', 'Tealium', 'UTF-8', 'Zendesk Embeddables']"
redtechnology.com,Innovative Ecommerce Solutions | Red Technology UK,Red Technology,GBR,77,40837,2025-12-29T08:14:05.277679781Z,"['AWS WAF Challenge', 'Adyen', 'Albacross', 'Apture Linking Platform', 'CookieConsent', 'DoubleClick Bid Manager', 'ElementUI', 'Facebook Login', 'Facebook Reseller', 'GZIP Module', 'Google', 'Google Analytics', 'Google Cloud CDN', 'Google My Business', 'Google Tag Manager', 'Microdata for Google Shopping', 'Microsoft Azure', 'OSS CDN', 'Oracle Cloud', 'PayPal Adaptive Payments', 'Sign In With Google', 'Snitcher', 'Stripe', 'Tailwind CSS', 'TrueCommerce', 'Twitter Ads', 'UTF-8', 'Visual Studio', 'WordPress SEO Structured Data Schema Plugin', 'YouTube', 'jsDelivr', 'reCAPTCHA']"
pampermassage.me,PAMPER MASSAGE - Home,,GBR,72,70070,2025-12-28T16:52:38.340198244Z,"['Adyen', 'Amazon Advertising Sizmek Ad Suite', 'Apture Linking Platform', 'Booking Affiliate', 'Cloudflare', 'Content Delivery Network', 'DoubleClick Bid Manager', 'Facebook CDN', 'Fireblade', 'GZIP Module', 'Gobot', 'Google Analytics', 'Google My Business', 'InMotion Hosting', 'Instagram Follow Button', 'Jetpack Site Accelerator', 'Kudobuzz', 'PHP', 'POWr', 'Pantheon', 'SiteW', 'SiteWit', 'Twitter Ads', 'UTF-8', 'Unix', 'Weebly', 'YouTube', 'reCAPTCHA']"
piaproxy.com,PIA Proxy - Largest Socks5 Residential Proxy Anonymous & Secure,,,62,34812,2025-12-28T15:32:03.323166791Z,"['AWS WAF Challenge', 'Adyen', 'Apture Linking Platform', 'Bing Cashback', 'Bing Conversion Tracking', 'Clicky', 'Cloudflare', 'Cloudflare CDN', 'Cloudflare Turnstile', 'Cloudflare Web Analytics', 'Crisp', 'Fireblade', 'Google Analytics', 'Google Tag Manager', 'LiveChat', 'LiveChat Monitoring', 'NFOrce Internet', 'Perl', 'QUIC', 'Rocket Chat', 'Sign In With Google', 'Tailwind CSS', 'Thank You', 'YouTube', 'jQuery', 'shadcn ui']"
ares188best.com,ARES188 : Ponten Nilai Terbaik Dari Link Alternatif Slot Gacor Maxwin,,IDN,67,19000,2025-12-28T05:07:38.325994808Z,"['Adyen', 'Alternate Protocol', 'Amazon WAF Blocked', 'Cloudflare', 'Cloudflare CDN', 'Cloudflare Web Analytics', 'Cloudinary', 'Fireblade', 'Google Analytics', 'Google Analytics with Ad Tracking', 'Google My Business', 'Google Tag Manager', 'LiteSpeed', 'Ntent', 'PWA', 'Pico CSS', 'QUIC', 'Sign In With Google']"
zoomtravelinsurance.co.nz,Zoom Travel Insurance | Get A Quote,Zoom Travel Insurance,SGP,87,47700,2025-12-28T00:35:22.736157603Z,"['Adyen', 'Alternate Protocol', 'Amazon WAF Blocked', 'Aruba', 'Better Lead Generation Services', 'Cloudflare', 'Cloudflare CDN', 'Fireblade', 'Google Analytics', 'Google Tag Manager', 'KVH', 'Microdata for Google Shopping', 'Phew', 'Subversion', 'Tailwind CSS', 'UTF-8', 'eLand']"
clarks.ae,"Clarks™ Official Site | Shoes, Boots, Sandals & Sneakers",,DEU,82,798374,2025-12-26T12:05:31.140399266Z,"['Adobe Marketing Cloud', 'Adyen', 'Agilone', 'Alternate Protocol', 'Amazon', 'Amazon CloudFront', 'Amazon Route 53', 'Amazon WAF Blocked', 'AppNexus Direct', 'Apture Linking Platform', 'Aruba', 'Attentive', 'Azure Edge', 'BidSwitch Direct', 'Bing Cashback', 'ByteDance', 'CloudFront', 'Cloudflare', 'Cloudflare Web Analytics', 'Cloudinary', 'Content Delivery Network', 'Content Square', 'Criteo', 'DC74', 'DemDex', 'DoubleClick Bid Manager', 'Express', 'Fireblade', 'Flourish', 'GZIP Module', 'GetResponse', 'Giropay', 'GitHub Hosting', 'Google', 'Google Analytics', 'Google Cloud DNS', 'Google Font API', 'Google My Business', 'Google Reseller', 'Google Tag Manager', 'Improve Digital Direct', 'Instagram Follow Button', 'IponWeb BidSwitch', 'JotForm', 'Klarna', 'Media.net', 'Media.net Reseller', 'Mediavine Publisher', 'Microsoft Azure', 'Microsoft Clarity', 'Monetate', 'Narvar', 'New Relic', 'Next.js', 'Ntent', 'Oddle', 'OneTrust Domain Verification', 'Outbrain Direct', 'PayPal Adaptive Payments', 'PepperJam Network', 'Pleroma', 'Pubmatic', 'QUIC', 'RM Education', 'SMC', 'Salesforce Audience Studio', 'Shipping Rates Calculator', 'SmartAdServer Direct', 'Smooch', 'Styled Components', 'Taboola Direct', 'Taboola Reseller', 'Tailwind CSS', 'Triple Lift Direct', 'Twitter Ads', 'UTF-8', 'UpSellit', 'Vine Embed', 'Yieldlab', 'Yieldlab Direct', 'Yieldmo Direct', 'YouTube', 'Zendesk Embeddables', 'eLand', 'iGoDigital']"
spa-schluchsee.vjz.de,Vier Jahreszeiten am Schluchsee,,,67,80428,2025-12-26T01:49:38.320302834Z,"['Adyen', 'DoubleClick Bid Manager', 'Express', 'Facebook Reseller', 'GZIP Module', 'Google', 'Google Analytics', 'Google Cloud CDN', 'Google Cloud DNS', 'Google Font API', 'Google My Business', 'Google Related Website Sites', 'Google Tag Manager', 'Instagram Follow Button', 'Nginx', 'Ogone', 'PayPal Adaptive Payments', 'Tealium', 'UTF-8', 'Zendesk Embeddables']"
spa-travemuende.aja.de,aja Travemünde,,,57,31023,2025-12-25T16:19:38.3254402Z,"['Adyen', 'DoubleClick Bid Manager', 'Facebook Reseller', 'GZIP Module', 'Google', 'Google Analytics', 'Google Cloud CDN', 'Google Cloud DNS', 'Google Font API', 'Google My Business', 'Google Related Website Sites', 'Google Tag Manager', 'Instagram Follow Button', 'Nginx', 'Ogone', 'PHP', 'PayPal Adaptive Payments', 'Tealium', 'The Fresh', 'UTF-8', 'Zendesk Embeddables']"
spa-groemitz.aja.de,aja Grömitz,,,52,21023,2025-12-24T07:52:38.353914544Z,"['Adyen', 'DoubleClick Bid Manager', 'Facebook Reseller', 'GZIP Module', 'Google', 'Google Analytics', 'Google Cloud CDN', 'Google Cloud DNS', 'Google Font API', 'Google My Business', 'Google Related Website Sites', 'Google Tag Manager', 'Instagram Follow Button', 'Nginx', 'Ogone', 'PHP', 'PayPal Adaptive Payments', 'Tealium', 'UTF-8', 'Zendesk Embeddables']"
graywhalecamp.com,Gray whale camp,,USA,70,54448,2025-12-23T14:28:38.333455876Z,"['Adyen', 'Alternate Protocol', 'Amazon Advertising Sizmek Ad Suite', 'Apache', 'Booking Affiliate', 'Camp', 'Contact Form Plugin', 'DoubleClick Bid Manager', 'Elementor', 'EmbedPress', 'Facebook CDN', 'GZIP Module', 'Google Cloud DNS', 'Google Font API', 'Google My Business', 'Graphy', 'Heroku', 'Instagram Follow Button', 'Jetpack Site Accelerator', 'Microdata for Google Shopping', 'PHP', 'Pantheon', 'QUIC', 'Theme In WP', 'UTF-8', 'WordPress', 'WordPress Multisite', 'jQuery', 'reCAPTCHA']"
anctraveler.com,Visiting ANC,,USA,77,318460,2025-12-21T22:30:43.769641987Z,"['Adyen', 'Amazon', 'Amazon CloudFront', 'Amazon Route 53', 'Apture Linking Platform', 'Brightcove', 'CloudFront', 'Cloudflare', 'Content Delivery Network', 'Dialpad', 'DoubleClick Bid Manager', 'Google', 'Google Analytics', 'Google Cloud CDN', 'Google Cloud DNS', 'Google Font API', 'Google My Business', 'Google Tag Manager', 'No-Q', 'Ntent', 'PayPal', 'QUIC', 'RM Education', 'Salesforce', 'Salesforce Experience Cloud', 'Salesforce Hosted', 'Stripe', 'Twitter CDN', 'UTF-8', 'Vimeo', 'Vimeo CDN', 'YouTube', 'reCAPTCHA']"
writersandrye.com,"Writers and Rye | Park City June 13, 2025",,,62,127535,2025-12-21T15:19:32.742121729Z,"['AWS WAF Challenge', 'Adyen', 'Amazon', 'Amazon S3 CDN', 'Aruba', 'Bing Cashback', 'Calendly', 'ClickCease', 'Cloudflare', 'Cloudflare CDN', 'Cloudflare Web Analytics', 'Criteo', 'DAV', 'DemDex', 'DoubleClick Bid Manager', 'ElementUI', 'Express', 'Fireblade', 'Font Awesome', 'Google', 'Google Analytics', 'Google Cloud DNS', 'Google Font API', 'Google My Business', 'Google Tag Manager', 'Idaq', 'MaxCDN', 'Microsoft Clarity', 'Mouseflow', 'PayPal Adaptive Payments', 'Seflow Italy', 'Squarespace', 'StatusPage IO', 'Storyblocks', 'Tailwind CSS', 'The Trade Desk', 'TicketSpice', 'Twitter Ads', 'UTF-8', 'Vimeo CDN', 'Way', 'Webconnex', 'Webflow', 'YouTube', 'eLand', 'jsDelivr']"
markwakeforest.com,Mark's Gospel - Live Onstage,,,62,127535,2025-12-21T00:28:32.73540685Z,"['AWS WAF Challenge', 'Adyen', 'Amazon', 'Amazon S3 CDN', 'Aruba', 'Bing Cashback', 'Calendly', 'ClickCease', 'Cloudflare', 'Cloudflare CDN', 'Cloudflare Web Analytics', 'Criteo', 'DemDex', 'DoubleClick Bid Manager', 'ElementUI', 'Express', 'Fireblade', 'Font Awesome', 'Google', 'Google Analytics', 'Google Cloud DNS', 'Google Font API', 'Google My Business', 'Google Tag Manager', 'Idaq', 'MaxCDN', 'Microsoft Clarity', 'Mouseflow', 'PayPal Adaptive Payments', 'Seflow Italy', 'Squarespace', 'StatusPage IO', 'Storyblocks', 'Tailwind CSS', 'The Trade Desk', 'TicketSpice', 'Twitter Ads', 'UTF-8', 'Vimeo CDN', 'Way', 'Webconnex', 'Webflow', 'YouTube', 'eLand', 'jsDelivr']"
islandvibess.nl,IslandVibes | Officiële Website ✅,,NLD,77,17931,2025-12-20T04:43:05.269512446Z,"['AJAX Libraries API', 'AWS WAF Challenge', 'Adult Content', 'Adyen', 'Amazon', 'Amazon CloudFront', 'Apache', 'CloudFront', 'ContentBox', 'CookieConsent', 'CoreUI', 'GZIP Module', 'Google Analytics', 'Google Cloud DNS', 'Google Maps', 'Google Tag Manager', 'Instagram Follow Button', 'Line2', 'Microdata for Google Shopping', 'Perl', 'QUIC', 'Schema Plugin', 'UTF-8', 'jQuery']"
mexen.eu,Mexen,Mexen,POL,65,20407,2025-12-18T02:25:32.745068112Z,"['AWS WAF Challenge', 'Adyen', 'Alternate Protocol', 'AutoComplete', 'Bing Cashback', 'Bing Conversion Tracking', 'Cloudflare', 'Cloudflare CDN', 'Cloudflare Web Analytics', 'Content Delivery Network', 'DAV', 'Facebook Embedded Posts', 'Facebook Login', 'Facebook Messenger Platform', 'Facebook Pixel', 'Facebook Reseller', 'Font Awesome', 'Google', 'Google Analytics', 'Google Cloud DNS', 'Google Customer Reviews', 'Google Font API', 'Google My Business', 'Google Tag Manager', 'IcoMoon', 'LiteSpeed', 'Material Design Icons', 'Microdata for Google Shopping', 'Opineo', 'PHP', 'Pico CSS', 'Pinterest Conversion Tracking', 'PrestaShop', 'QUIC', 'Tailwind CSS', 'UTF-8', 'eLand']"
plantanoa.nl,Hamiplant | Homepage,,NLD,67,61818,2025-12-17T15:37:32.745727012Z,"['Adyen', 'Amazon WAF Blocked', 'Azure Edge', 'Baidu Cloud', 'CDN JS', 'ClickDimensions', 'Cloudflare', 'Cloudflare CDN', 'Cloudinary', 'DoubleClick Bid Manager', 'Facebook Reseller', 'GZIP Module', 'Google', 'Google Analytics', 'Google Cloud DNS', 'Google Font API', 'Google My Business', 'Google Reseller', 'Google Tag Manager', 'Instagram Follow Button', 'Microsoft 365', 'Microsoft Azure', 'Microsoft Azure Blob Storage', 'Microsoft Clarity', 'PayPal Adaptive Payments', 'QUIC', 'RM Education', 'Tailwind CSS', 'Tally', 'Thank You', 'Twitter Ads', 'UTF-8', 'Userlane', 'Yandex Hosting', 'YouTube', 'uPress']"
aphnl.com,APH | Homepage,,SWE,60,16369,2025-12-17T12:13:32.772245384Z,"['Adyen', 'Amazon WAF Blocked', 'Azure Edge', 'Baidu Cloud', 'CDN JS', 'ClickDimensions', 'Cloudflare', 'Cloudflare CDN', 'Cloudinary', 'DoubleClick Bid Manager', 'Facebook Reseller', 'Financial Services Guide', 'GZIP Module', 'Google', 'Google Analytics', 'Google Cloud DNS', 'Google Font API', 'Google My Business', 'Google Reseller', 'Google Tag Manager', 'Instagram Follow Button', 'Microsoft 365', 'Microsoft Azure', 'Microsoft Azure Blob Storage', 'Microsoft Clarity', 'PayPal Adaptive Payments', 'QUIC', 'Tailwind CSS', 'Tally', 'Thank You', 'Twitter Ads', 'UTF-8', 'Userlane', 'Yandex Hosting', 'YouTube']"
washingtonwebworks.com,"Home | Washington Web Works, LLC",,USA,50,159,2025-12-16T15:25:32.75799201Z,"['Adyen', 'Alternate Protocol', 'Font Awesome', 'GZIP Module', 'Google', 'Google Cloud CDN', 'Python', 'Tailwind CSS', 'UTF-8']"
sortimotr.com,Sortimo | van rackings & services for mobile work,Sortimo,,67,89018,2025-12-14T14:31:07.00289356Z,"['Adyen', 'Alternate Protocol', 'Bing Cashback', 'Bing Conversion Tracking', 'Consent Manager AutoBlocking', 'DAV', 'ElementUI', 'Financial Services Guide', 'Fireblade', 'GZIP Module', 'Google Analytics', 'Google Related Website Sites', 'Google Tag Manager', 'IcoMoon', 'Idaq', 'Instagram Follow Button', 'KVH', 'Microdata for Google Shopping', 'Nationwide Mortgage Licensing System and Registry', 'No-Q', 'QUIC', 'SMC', 'Subversion', 'Tailwind CSS', 'UTF-8', 'Wirecard', 'YouTube']"
saulire-courchevel.uk,Courchevel - Real Estate Agency Courchevel La Tania Saulire,,,62,6439,2025-12-12T14:19:56.032283102Z,"['Adyen', 'Alternate Protocol', 'Apache', 'CDN JS', 'Cloudflare', 'Cloudflare CDN', 'DoubleClick Bid Manager', 'Express', 'Facebook Reseller', 'Font Awesome', 'GZIP Module', 'Google', 'Google Analytics', 'Google Cloud DNS', 'Google Font API', 'Google Maps', 'Google My Business', 'Google Tag Manager', 'Instagram Follow Button', 'NFOrce Internet', 'PWA', 'QUIC', 'Tailwind CSS', 'UTF-8', 'Yandex Hosting', 'YouTube', 'jsDelivr']"
bigpasssanfrancisco.com,"San Francisco Hop On, Hop Off Bus Tours | Big Bus Tours",,CAN,77,437274,2025-12-10T08:49:56.059986166Z,"['AddThis for Wordpress', 'Adobe Marketing Cloud', 'Adyen', 'Akoova', 'Alternate Protocol', 'Amazon', 'Amazon CloudFront', 'Amazon Route 53', 'Amazon WAF Blocked', 'App Store', 'AppNexus Direct', 'Apture Linking Platform', 'Bing Cashback', 'Bing Conversion Tracking', 'BlueKai', 'Braintree', 'Bunny Fonts', 'ByteDance', 'Cisco/Arrowpoint Content Service Switch', 'CloudFront', 'Cloudflare', 'Cloudflare CDN', 'Cloudflare Web Analytics', 'ContextWeb', 'DemDex', 'DoubleClick Bid Manager', 'Engage', 'Express', 'Eyeota', 'Facebook Reseller', 'Freshworks Bot', 'Giropay', 'GitHub Hosting', 'Google', 'Google Analytics', 'Google Cloud CDN', 'Google Cloud DNS', 'Google Font API', 'Google Maps', 'Google Matched Content', 'Google My Business', 'Google Play', 'Google Reseller', 'Google Tag Manager', 'Heroku', 'Instagram Follow Button', 'Intervieweb', 'Kargo Direct', 'Magento', 'Magento Enterprise', 'Media.net', 'Microdata for Google Shopping', 'MoEngage', 'New Relic', 'Ntent', 'OneTrust Domain Verification', 'OpenX Direct', 'PayPal Adaptive Payments', 'Pubmatic', 'QUIC', 'RTB House Direct', 'StickyAds TV', 'Storyblocks', 'UTF-8', 'VWO Engage', 'Ventrata', 'Vimeo', 'Vimeo CDN', 'Visual Website Optimizer', 'Way', 'Wirecard', 'YouTube', 'Zemanta', 'reCAPTCHA']"
lightyear.com,"Lightyear: Investing app with 6000 stocks, ETFs & MMFs",,EST,82,42026,2025-12-09T09:43:06.730567038Z,"['Adyen', 'Alternate Protocol', 'Amazon', 'Amazon CloudFront', 'Amazon Route 53', 'Amplitude', 'Angular', 'App Store', 'CloudFront', 'Content Delivery Network', 'DoubleClick Bid Manager', 'ElementUI', 'Facebook Reseller', 'Financial Industry Regulatory Authority', 'Fireblade', 'Google', 'Google Analytics', 'Google Cloud DNS', 'Google Font API', 'Google Maps', 'Google My Business', 'Google Play', 'Google Reseller', 'Google Tag Manager', 'IcoMoon', 'Instagram Follow Button', 'Microdata for Google Shopping', 'Next.js', 'PWA', 'Plausible Analytics', 'Pleroma', 'Segment', 'Subversion', 'Tailwind CSS', 'Twitter Ads', 'UTF-8', 'Veriff', 'YouTube', 'eLand', 'shadcn ui']"
spa-garmisch-partenkirchen.aja.de,aja Garmisch Partenkirchen,,,52,21023,2025-12-08T20:16:46.685903033Z,"['Adyen', 'DoubleClick Bid Manager', 'Facebook Reseller', 'GZIP Module', 'Google', 'Google Analytics', 'Google Cloud CDN', 'Google Cloud DNS', 'Google Font API', 'Google My Business', 'Google Related Website Sites', 'Google Tag Manager', 'Instagram Follow Button', 'Nginx', 'Ogone', 'PHP', 'PayPal Adaptive Payments', 'Tealium', 'UTF-8', 'Zendesk Embeddables']"
spa-ruhpolding.aja.de,aja Ruhpolding,,,72,80428,2025-12-06T23:12:17.178266728Z,"['Adyen', 'DoubleClick Bid Manager', 'Facebook Reseller', 'GZIP Module', 'Google', 'Google Analytics', 'Google Cloud CDN', 'Google Cloud DNS', 'Google Font API', 'Google My Business', 'Google Related Website Sites', 'Google Tag Manager', 'Instagram Follow Button', 'Nginx', 'Ogone', 'PHP', 'PayPal Adaptive Payments', 'Tealium', 'UTF-8', 'Zendesk Embeddables']"
woohoo.in,Gift Cards - An Exciting New Way to Gift Online | Woohoo.in,Woohoo,,77,47107,2025-12-06T14:06:46.368086211Z,"['Adyen', 'Amazon', 'Amazon CloudFront', 'Amazon Route 53', 'Branch.io', 'CloudFront', 'Content Delivery Network', 'DoubleClick Bid Manager', 'GZIP Module', 'Google', 'Google Analytics', 'Google Cloud DNS', 'Google Font API', 'Google My Business', 'Google Recommendations AI', 'Google Tag Manager', 'Instagram Follow Button', 'PWA', 'Taboola Direct', 'Taboola Reseller', 'Tailwind CSS', 'Telegram', 'Thank You', 'Twitter Ads', 'UTF-8', 'WordPress SEO Structured Data Schema Plugin', 'YouTube', 'Zendesk Embeddables', 'iomart']"
spa-bansin.aja.de,aja Strandhotel Bansin,,,67,95428,2025-12-04T14:38:53.657559836Z,"['Adyen', 'DoubleClick Bid Manager', 'Facebook Reseller', 'Fireblade', 'GZIP Module', 'Google', 'Google Analytics', 'Google Cloud CDN', 'Google Cloud DNS', 'Google Font API', 'Google My Business', 'Google Related Website Sites', 'Google Tag Manager', 'Instagram Follow Button', 'Nginx', 'Ogone', 'PayPal Adaptive Payments', 'Tealium', 'UTF-8', 'Zendesk Embeddables']"
karicaretoddler.co.nz,Karicare Baby Formula and Toddler Milk Drinks | Nutricia,,,67,921546,2025-12-03T11:39:46.364616452Z,"['Adobe Marketing Cloud', 'Adyen', 'Amazon', 'Amazon Associates Affiliate Shop', 'Amazon CloudFront', 'Amazon Route 53', 'AppNexus Direct', 'Bazaarvoice', 'Bazaarvoice Curations', 'Bing Cashback', 'ChannelSight', 'CloudFront', 'Content Delivery Network', 'DemDex', 'DoubleClick Bid Manager', 'Fastly', 'Flockler', 'GZIP Module', 'Google', 'Google Analytics', 'Google Cloud CDN', 'Google Cloud DNS', 'Google My Business', 'Google Tag Manager', 'Instagram Follow Button', 'Live2Support', 'LiveAgent', 'Media.net', 'Microdata for Google Shopping', 'Microsoft Azure', 'Microsoft Clarity', 'Mopinion', 'MyFonts', 'Neolane', 'New Relic', 'Oddle', 'Outbrain Direct', 'ProProfs', 'Product Review', 'Salesforce', 'Salesforce Experience Cloud', 'Salesforce Hosted', 'Salesforce Live Agent', 'Schema Plugin', 'Swaven', 'Tealium', 'Twitter Ads', 'UTF-8', 'WordPress SEO Structured Data Schema Plugin', 'YouTube', 'commercetools']"
matific.com,"Matific | Math Games & Worksheets Online, Designed by Math Experts",,AUS,72,106128,2025-12-02T13:24:46.370576628Z,"['AWS WAF Challenge', 'Adobe Creative Cloud WebFonts', 'Adyen', 'Akamai Global Host', 'Alternate Protocol', 'Amazon', 'Amazon CloudFront', 'Amazon Cognito', 'Amazon Link Enchancer', 'Amazon Route 53', 'Amazon S3 CDN', 'Amazon WAF Blocked', 'Apple Auto Link Maker', 'Apture Linking Platform', 'Bing Cashback', 'CDN JS', 'CloudFront', 'Cloudflare', 'Cloudflare CDN', 'Cloudflare Stream', 'Content Delivery Network', 'CookieConsent', 'Cybot', 'DAV', 'DoubleClick Bid Manager', 'Facebook Reseller', 'Font Awesome', 'GZIP Module', 'GitHub Hosting', 'Google', 'Google Analytics', 'Google Cloud DNS', 'Google Font API', 'Google My Business', 'Google Play', 'Google Recommendations AI', 'Google Tag Manager', 'Heap', 'Help Scout', 'IcoMoon', 'Instagram Follow Button', 'JIRA', 'LinkedIn Pixel', 'Microsoft Clarity', 'Mixpanel', 'New Relic', 'Nginx', 'Ntent', 'Oribi Analytics', 'PWA', 'Pardot', 'Pleroma', 'QUIC', 'Report URI', 'Smooch', 'StackPath', 'Storyblocks', 'Tailwind CSS', 'Twitter Ads', 'Twitter Analytics', 'UTF-8', 'University or College', 'Unsplash', 'Visual Website Optimizer', 'Wistia', 'YouTube', 'Zendesk Embeddables', 'Zoho PageSense']"
igalleon.com,iGalleon – Make Money Online with Traffic Sharing,,,57,,2025-11-29T22:00:46.372953643Z,"['Adyen', 'DoubleClick Bid Manager', 'GZIP Module', 'Google Analytics', 'Google Tag Manager', 'Nginx', 'Tailwind CSS', 'jQuery', 'shadcn ui']"
bonobos.com,Bonobos Official: Men’s Clothing & Accessories,,,62,436566,2025-11-28T17:24:46.372634808Z,"['AB Tasty', 'Adyen', 'Affirm', 'Alternate Protocol', 'Amazon', 'Amazon CloudFront', 'Amazon Route 53', 'Apture Linking Platform', 'CloudFront', 'Constructor IO', 'Content Delivery Network', 'Contentful', 'ExactTarget', 'Express', 'GZIP Module', 'GetResponse', 'Google Related Website Sites', 'Imgix', 'Instagram Follow Button', 'LiveAgent', 'NFOrce Internet', 'New Relic', 'Next.js', 'Nginx', 'Ntent', 'OneTrust Domain Verification', 'Pleroma', 'RM Education', 'Salesforce', 'Salesforce Experience Cloud', 'Salesforce Hosted', 'Salesforce Live Agent', 'SheerID', 'SiteW', 'Turn', 'Twitter Ads', 'UTF-8', 'Usablenet', 'Walmart', 'YouTube', 'jsDelivr']"
restaurantgiftcard.com,Restaurant Gift Card | 5000+ Dining Options in One Gift,Restaurant Gift Card,NLD,77,19551,2025-11-26T05:33:19.465444744Z,"['Adyen', 'Alternate Protocol', 'Amazon', 'Amazon CloudFront', 'Amazon Route 53', 'Amazon S3 CDN', 'Amazon WAF Blocked', 'CloudFront', 'Cloudflare', 'Cloudflare CDN', 'Content Delivery Network', 'Cybot', 'Express', 'Fireblade', 'FormSubmit', 'Giropay', 'Google Analytics', 'Google My Business', 'Google Tag Manager', 'Instagram Follow Button', 'Line2', 'Microdata for Google Shopping', 'Next.js', 'Perl', 'Pleroma', 'QUIC', 'Storyblocks', 'UTF-8', 'YouTube', 'Zendesk Embeddables']"
haeasipay.com,Pay online | Health Assured,,,50,383,2025-11-25T06:41:30.565885878Z,"['AWS WAF Challenge', 'Adobe Creative Cloud WebFonts', 'Adyen', 'GZIP Module', 'Google', 'Google Analytics', 'Google Cloud DNS', 'Google Font API', 'Google My Business', 'Google Tag Manager', 'Nginx', 'QUIC', 'Tailwind CSS', 'Tawk', 'UTF-8', 'jsDelivr', 'reCAPTCHA']"
tableovertribe.org,Lead the City 2025,,,37,9292,2025-11-24T14:57:19.436789311Z,"['AWS WAF Challenge', 'Adyen', 'Alternate Protocol', 'Cloudflare', 'Cloudflare Web Analytics', 'Cornerstone', 'Express', 'Fireblade', 'Google Analytics', 'Google Cloud DNS', 'Google Font API', 'Google My Business', 'Google Tag Manager', 'Idaq', 'InitiativeS', 'Instagram Follow Button', 'MaxCDN', 'RegFox', 'Storyblocks', 'Twitter Ads', 'UTF-8', 'University or College', 'Webconnex', 'reCAPTCHA']"
nths1985.com,NTHS 85_40th REUNION,,USA,52,9233,2025-11-24T03:06:19.430721302Z,"['AWS WAF Challenge', 'Adyen', 'Alternate Protocol', 'Cloudflare', 'Cloudflare Web Analytics', 'Express', 'Fireblade', 'Google Analytics', 'Google Cloud DNS', 'Google Font API', 'Google My Business', 'Google Tag Manager', 'Idaq', 'MaxCDN', 'Microdata for Google Shopping', 'Share Link', 'Storyblocks', 'TicketSpice', 'Twitter Ads', 'UTF-8', 'Webconnex', 'reCAPTCHA']"
mexen.ie,Mexen Ireland,Mexen Ireland,IRL,65,20407,2025-11-19T23:21:19.437456788Z,"['Adyen', 'Alternate Protocol', 'AutoComplete', 'Bing Cashback', 'Bing Conversion Tracking', 'Cloudflare', 'Cloudflare CDN', 'Content Delivery Network', 'Facebook Embedded Posts', 'Facebook Login', 'Facebook Messenger Platform', 'Facebook Pixel', 'Facebook Reseller', 'Font Awesome', 'Google', 'Google Analytics', 'Google Cloud DNS', 'Google Customer Reviews', 'Google Font API', 'Google My Business', 'Google Recommendations AI', 'Google Tag Manager', 'IcoMoon', 'Instagram Follow Button', 'LiteSpeed', 'Material Design Icons', 'Microdata for Google Shopping', 'Opineo', 'PHP', 'Pico CSS', 'Pinterest Conversion Tracking', 'PrestaShop', 'QUIC', 'Tailwind CSS', 'UTF-8', 'YouTube', 'eLand']"
minelab.com.in,Minelab India | Official Website for Minelab Metal Detectors in India,India Website,IND,75,430875,2025-11-18T02:35:04.999815399Z,"['Accelerated Mobile Pages', 'AddThis for Wordpress', 'Adobe Marketing Cloud', 'Adyen', 'Amazon', 'Amazon CloudFront', 'Amazon Route 53', 'Amazon WAF Blocked', 'Apture Linking Platform', 'Bing Cashback', 'Braintree', 'CDN JS', 'CartStack', 'CloudFront', 'Cloudflare', 'Cloudflare CDN', 'Content Delivery Network', 'DemDex', 'Disqus Comment System for WordPress', 'DoubleClick Bid Manager', 'Express', 'Facebook Conversion Tracking', 'Facebook Login', 'Facebook Messenger Platform', 'Facebook Pixel', 'Facebook Reseller', 'Facebook Tag API', 'Fastly', 'Font Awesome', 'GetButton.io', 'GetResponse', 'GitHub Hosting', 'Google', 'Google Analytics', 'Google Cloud CDN', 'Google Cloud DNS', 'Google Font API', 'Google Maps', 'Google Matched Content', 'Google My Business', 'Google Play', 'Google Related Website Sites', 'Google Reseller', 'Google Tag Manager', 'Help Scout', 'Hotjar', 'HubSpot Conversations', 'Hubspot', 'IcoMoon', 'Instagram Follow Button', 'Klarna', 'Magento', 'Magento Enterprise', 'Microdata for Google Shopping', 'Microsoft Clarity', 'New Relic', 'Ntent', 'PayPal Adaptive Payments', 'QUIC', 'SearchLinks', 'Segment', 'Segment Consent Manager', 'Shopify', 'Storyblocks', 'Stripe', 'ThreatMetrix', 'UTF-8', 'Vimeo', 'Vimeo CDN', 'Way', 'Web Stories', 'Weglot', 'Wirecard', 'YouTube', 'reCAPTCHA', 'securiti']"
metisphere.co.uk,Metisphere - Salesforce Experts Helping Businesses Grow,,,57,42353,2025-11-16T07:02:05.006184826Z,"['Adult Content', 'Adyen', 'Alternate Protocol', 'Amazon', 'Amazon CloudFront', 'Amazon Route 53', 'Bing Cashback', 'Brightcove', 'CloudFront', 'Cloudflare', 'Content Delivery Network', 'DoubleClick Bid Manager', 'Ecologi', 'GZIP Module', 'Google', 'Google Analytics', 'Google Cloud CDN', 'Google Cloud DNS', 'Google Font API', 'Google My Business', 'Google Tag Manager', 'Heroku', 'Microsoft Clarity', 'Ntent', 'PayPal', 'QUIC', 'Salesforce', 'Salesforce Experience Cloud', 'Salesforce Hosted', 'Stripe', 'UTF-8', 'Vimeo', 'Vimeo CDN', 'YouTube', 'reCAPTCHA']"
stickerapp.com,StickerApp: Print Custom Stickers and Labels,,USA,82,78370,2025-11-14T18:41:04.983835738Z,"['Adult Content', 'Adyen', 'Alternate Protocol', 'Amazon', 'Amazon CloudFront', 'Amazon Route 53', 'Apture Linking Platform', 'Better Lead Generation Services', 'Better Stack', 'Bing Cashback', 'Bing Conversion Tracking', 'CloudFront', 'Content Delivery Network', 'DoubleClick Bid Manager', 'Express', 'Facebook Reseller', 'Fireblade', 'GZIP Module', 'Google', 'Google Analytics', 'Google Calendar', 'Google Cloud CDN', 'Google Cloud DNS', 'Google Matched Content', 'Google My Business', 'Google Reseller', 'Google Tag Manager', 'Instagram Follow Button', 'Kameleoon', 'Klaviyo', 'Line2', 'LinkedIn Pixel', 'Microdata for Google Shopping', 'Mouseflow', 'NFOrce Internet', 'PayPal Adaptive Payments', 'Perl', 'QUIC', 'Seflow Italy', 'StickerApp', 'Tailwind CSS', 'Thank You', 'University or College', 'YouTube', 'reCAPTCHA', 'shadcn ui']"
emp.ie,"EMP | Music, Movie, TV & Gaming Merch | Alternative Clothing",,TUR,77,697438,2025-11-14T08:50:39.977219273Z,"['Adyen', 'Alternate Protocol', 'Amazon', 'Amazon CloudFront', 'Amazon Route 53', 'AppDynamics', 'Apple Auto Link Maker', 'Apture Linking Platform', 'Bing Cashback', 'BunnyCDN General', 'CQuotient', 'CloudFront', 'Cloudflare', 'Criteo', 'DoubleClick Bid Manager', 'Dynamic Yield', 'Fireblade', 'Google', 'Google Analytics', 'Google Cloud DNS', 'Google My Business', 'Google Play', 'Google Tag Manager', 'IcoMoon', 'Instagram Follow Button', 'Klarna', 'Microdata for Google Shopping', 'Microsoft Clarity', 'Ntent', 'Outbrain Direct', 'QUIC', 'Quotient', 'RECOVA', 'RTB House Direct', 'Salesforce Commerce Cloud', 'ScarabResearch', 'Smart App Banner', 'Sovendus', 'Tailwind CSS', 'Twitter Ads', 'UTF-8', 'Vimeo', 'YouTube', 'arsys.es', 'eLand', 'jsDelivr']"
c12augusta.com,C12 Midlands Greater Purpose Workshops,,USA,72,35140,2025-11-13T18:29:39.972137535Z,"['AWS WAF Challenge', 'Adyen', 'Aruba', 'Bing Cashback', 'Cloudflare', 'Cloudflare Web Analytics', 'Express', 'Fireblade', 'Google Analytics', 'Google Cloud DNS', 'Google Font API', 'Google Maps', 'Google My Business', 'Google Tag Manager', 'Idaq', 'MaxCDN', 'Tailwind CSS', 'TicketSpice', 'Twitter Ads', 'UTF-8', 'Webconnex', 'YouTube', 'eLand']"
clapei.ca,Lebanese Levee 2025,,,37,9233,2025-11-13T01:08:39.963420252Z,"['AWS WAF Challenge', 'Adyen', 'Cloudflare', 'Cloudflare Web Analytics', 'Express', 'Fireblade', 'Google Analytics', 'Google Cloud DNS', 'Google Font API', 'Google My Business', 'Google Tag Manager', 'Idaq', 'MaxCDN', 'Storyblocks', 'TicketSpice', 'Twitter Ads', 'UTF-8', 'Webconnex', 'YouTube']"
defipointeclaire.ca,Defi Pointe-Claire - Cours avec moi 2026,,CAN,77,52840,2025-11-12T19:05:39.939841034Z,"['AWS WAF Challenge', 'Adyen', 'Alternate Protocol', 'Apture Linking Platform', 'Aruba', 'Cloudflare', 'Cloudflare Web Analytics', 'Drata', 'Express', 'Fireblade', 'Google Analytics', 'Google Cloud DNS', 'Google Font API', 'Google My Business', 'Google Tag Manager', 'Idaq', 'InitiativeS', 'Instagram Follow Button', 'MaxCDN', 'Microdata for Google Shopping', 'NFOrce Internet', 'Tailwind CSS', 'Twitter Ads', 'UTF-8', 'Webconnex', 'eLand', 'reCAPTCHA']"
evomove.com,Your Destination for Premium Baby Gear | Stokke® Online Shop,Stokke,NOR,87,1263946,2025-11-12T12:32:38.909610904Z,"['501c3 Status Nonprofit', 'Adyen', 'Akamai Global Host', 'Amazon', 'Amazon Associates Affiliate Shop', 'Amazon CloudFront', 'Amazon Route 53', 'Amazon S3 CDN', 'Attentive', 'Bazaarvoice', 'Bazaarvoice Curations', 'Bing Cashback', 'Bing Conversion Tracking', 'Brightcove', 'ByteDance', 'CDN JS', 'CQuotient', 'Chakra UI', 'CloudFront', 'Cloudflare', 'Cloudflare CDN', 'Commission Junction', 'Content Delivery Network', 'Contento', 'Curalate', 'DoubleClick Bid Manager', 'ETranslate', 'Express', 'Facebook Reseller', 'GetFeedBack', 'Go Instore', 'Google', 'Google Analytics', 'Google Cloud DNS', 'Google Cloud Storage', 'Google Font API', 'Google Maps', 'Google Matched Content', 'Google My Business', 'Google Related Website Sites', 'Google Reseller', 'Google Tag Manager', 'Klarna', 'Loggly', 'Mavrck', 'Microsoft Clarity', 'Oddle', 'PWA', 'Parcel', 'PayPal Adaptive Payments', 'QUIC', 'Quotient', 'Salesforce', 'Salesforce Commerce Cloud', 'Salesforce Experience Cloud', 'Salesforce Hosted', 'Salesforce Marketing Cloud Personalisation', 'Sitelinks Search Box', 'Storyblocks', 'TokBox', 'TradeDoubler', 'Turn', 'UTF-8', 'Vector Internet Services', 'YouTube', 'iovation', 'reCAPTCHA', 'rewardStyle']"
sok4it.com,Sok4it,,,67,17440,2025-11-11T23:29:38.976875243Z,"['AWS WAF Challenge', 'Adyen', 'CDN JS', 'Cloudflare', 'Cloudflare CDN', 'GZIP Module', 'Google', 'Google Cloud CDN', 'Google Cloud DNS', 'Google Font API', 'Nginx', 'PayPal Adaptive Payments', 'QUIC', 'Stripe', 'Tailwind CSS', 'Tawk', 'UTF-8', 'Ubuntu', 'jsDelivr']"
thinkbigfor2026.com,#THINKBIGFOR2026,,USA,72,38259,2025-11-10T16:35:38.884450813Z,"['501c3 Status Nonprofit', 'AWS WAF Challenge', 'Adyen', 'Alternate Protocol', 'Aruba', 'Cloudflare', 'Cloudflare Web Analytics', 'Cornerstone', 'DAV', 'Express', 'Fireblade', 'Google Analytics', 'Google Cloud DNS', 'Google Font API', 'Google My Business', 'Google Tag Manager', 'Gravity', 'Idaq', 'Instagram Follow Button', 'MaxCDN', 'NFOrce Internet', 'Neighborhoods', 'RegFox', 'Storyblocks', 'Tailwind CSS', 'Twitter Ads', 'UTF-8', 'University or College', 'Webconnex', 'YouTube', 'eLand', 'reCAPTCHA']"
udalmeriastore.com,Home page | UD Almeria Official Store,UD Almeria Official Store,,77,165799,2025-11-09T19:02:59.029027465Z,"['ADFOX', 'Adyen', 'Amazon', 'Amazon WAF Blocked', 'Apture Linking Platform', 'Criteo', 'DoubleClick Bid Manager', 'Dynamic Yield', 'Express', 'Facebook Reseller', 'Fastly', 'Font Awesome', 'GZIP Module', 'Google', 'Google Analytics', 'Google Cloud CDN', 'Google Cloud DNS', 'Google Font API', 'Google Maps', 'Google My Business', 'Google Related Website Sites', 'Google Tag Manager', 'Instagram Follow Button', 'Magento', 'Magento Enterprise', 'MailChimp', 'Microdata for Google Shopping', 'Nginx', 'PayPal Adaptive Payments', 'Storyblocks', 'UTF-8', 'Vimeo', 'Vimeo CDN', 'Yandex Hosting', 'YouTube', 'eLand', 'reCAPTCHA']"
guidemeinthegarden.co.uk,Facebook,,,45,116155,2025-11-09T14:47:38.903792533Z,"['Adyen', 'Amazon Advertising Sizmek Ad Suite', 'Amazon CloudFront', 'Amazon WAF Blocked', 'AppNexus Direct', 'Apture Linking Platform', 'Booking Affiliate', 'Cloudflare', 'Content Delivery Network', 'DoubleClick Bid Manager', 'Facebook CDN', 'Facebook Reseller', 'Fastly CDN', 'FormSubmit', 'Giphy', 'Google', 'Google Analytics', 'Google Cloud DNS', 'Google Font API', 'Google My Business', 'Instagram Follow Button', 'Jetpack Site Accelerator', 'PHP', 'Pantheon', 'QUIC', 'Salesforce Hosted', 'UTF-8', 'Workday', 'about.me']"
resetcharleston2025.com,Recharge|Charleston2025,,,32,9376,2025-11-09T04:59:38.89275825Z,"['AWS WAF Challenge', 'Adyen', 'Cloudflare', 'Cloudflare Web Analytics', 'Cornerstone', 'DAV', 'Express', 'Fireblade', 'Google Analytics', 'Google Cloud DNS', 'Google Font API', 'Google My Business', 'Google Tag Manager', 'Idaq', 'Instagram Follow Button', 'MaxCDN', 'QUIC', 'RegFox', 'Storyblocks', 'Twitter Ads', 'UTF-8', 'University or College', 'Unsplash', 'Webconnex']"
shabbatlounge.com,Festival Shabbat Dinner & Lounge During the 2025 Sundance Festival,,,47,8993,2025-11-08T15:23:38.891525588Z,"['AWS WAF Challenge', 'Adyen', 'Alternate Protocol', 'Cloudflare', 'Cloudflare Web Analytics', 'DAV', 'Express', 'Fireblade', 'Givebutter', 'Google Analytics', 'Google Cloud DNS', 'Google Font API', 'Google My Business', 'Google Tag Manager', 'Idaq', 'MaxCDN', 'RegFox', 'Twitter Ads', 'UTF-8', 'Webconnex']"
famacie.com,"Home | Medicine, Pharmacy Market Place",,THA,72,2400,2025-11-08T14:46:20.468503019Z,"['Adyen', 'DoubleClick Bid Manager', 'GZIP Module', 'Google', 'Google Adsense', 'Google Cloud CDN', 'Google Funding Choices', 'Google Matched Content', 'Google Reseller', 'Nginx', 'UTF-8', 'Ubuntu']"
press.schwarz,Companies of Schwarz Group | Press Releases and Contact Persons,,DEU,82,30798,2025-11-08T05:32:38.888425435Z,"['Adyen', 'Alternate Protocol', 'Amazon', 'Azure Edge', 'Bing Cashback', 'Booking Affiliate', 'CDN JS', 'Cloudflare', 'Cloudflare CDN', 'DoubleClick Bid Manager', 'ElementUI', 'Facebook Reseller', 'Fireblade', 'Friendly Captcha', 'GZIP Module', 'Google', 'Google Analytics', 'Google Cloud DNS', 'Google Font API', 'Google My Business', 'Google Tag Manager', 'Instagram Follow Button', 'LinkedIn Pixel', 'Microsoft Azure', 'Nginx', 'OneTrust Domain Verification', 'UTF-8', 'Walls.io', 'YouTube']"
mythos-mozart.com,MYTHOS MOZART - The immersive Mozart experience in Vienna - Mythos Mozart,,,62,17440,2025-11-07T13:39:43.746779755Z,"['Adyen', 'DoubleClick Bid Manager', 'Fireblade', 'GZIP Module', 'Google', 'Google Analytics', 'Google Cloud DNS', 'Google My Business', 'Google Tag Manager', 'Instagram Follow Button', 'Nginx', 'UTF-8', 'YouTube', 'eLand']"
patilledance.com,Taline & Friends 12/28 LPatille Dance,,USA,77,53300,2025-11-07T07:41:38.893199518Z,"['AWS WAF Challenge', 'Adyen', 'Amazon S3 CDN', 'Cloudflare', 'Cloudflare Web Analytics', 'Express', 'Fireblade', 'Google Analytics', 'Google Cloud DNS', 'Google Font API', 'Google My Business', 'Google Tag Manager', 'Idaq', 'MaxCDN', 'On The Map', 'Storyblocks', 'TicketSpice', 'Twitter Ads', 'UTF-8', 'Webconnex']"
rutlandnaturals.co.uk,Home | Rutland Naturals,,,72,17793,2025-11-07T03:59:38.889131503Z,"['Adobe Creative Cloud WebFonts', 'Adyen', 'Apture Linking Platform', 'CookieConsent', 'DoubleClick Bid Manager', 'Facebook Login', 'Facebook Messenger Platform', 'Facebook Pixel', 'Facebook Reseller', 'Feefo', 'GZIP Module', 'GitHub Hosting', 'Google', 'Google Analytics', 'Google Cloud CDN', 'Google Cloud DNS', 'Google Maps', 'Google My Business', 'Google Tag Manager', 'Instagram Follow Button', 'Klaviyo', 'Microdata for Google Shopping', 'Microsoft Azure', 'PayPal Adaptive Payments', 'QUIC', 'SnapWidget', 'UTF-8', 'Visual Studio', 'Weglot', 'WordPress SEO Structured Data Schema Plugin', 'reCAPTCHA']"
bluemovement.com,BlueMovement,,,30,14263,2025-11-06T12:20:38.879803535Z,"['Adform Direct', 'Adyen', 'Alternate Protocol', 'Bing Cashback', 'Bing Conversion Tracking', 'ByteDance', 'Criteo', 'Criteo Reseller', 'Cybot', 'DoubleClick Bid Manager', 'Facebook Reseller', 'Freshworks Bot', 'GZIP Module', 'Google', 'Google Analytics', 'Google Cloud DNS', 'Google Font API', 'Google Matched Content', 'Google My Business', 'Google Reseller', 'Google Tag Manager', 'Improve Digital Direct', 'Instagram Follow Button', 'Media.net', 'Media.net Reseller', 'Mediavine Publisher', 'Mouseflow', 'Next.js', 'Onfido', 'Outbrain Direct', 'Parcel', 'Pleroma', 'Pubmatic', 'QUIC', 'Qualtrics Site Intercept', 'Seflow Italy', 'SmartAdServer Direct', 'Trustpilot Reviews for WordPress', 'UTF-8', 'Vine Embed', 'YouTube']"
toryburch.co.uk,"Women's Designer Bags, Shoes, Accessories & Clothes | Tory Burch UK",,USA,77,356939,2025-11-06T09:53:38.881537226Z,"['ADFOX', 'Adobe Creative Cloud WebFonts', 'Adyen', 'Afterpay', 'Alternate Protocol', 'Amazon WAF Blocked', 'Amazon Widgets', 'Animate It', 'Apture Linking Platform', 'BLR', 'Bazaarvoice', 'Bazaarvoice Curations', 'CQuotient', 'Cart.com', 'Checkout.com', 'Coming Soon Page', 'Express', 'Fastly', 'Favorites for WordPress', 'GZIP Module', 'GetResponse', 'GitHub Hosting', 'Gladly', 'Google Analytics', 'Google My Business', 'Google Related Website Sites', 'Google Tag Manager', 'IcoMoon', 'Instagram Follow Button', 'Klarna', 'Microdata for Google Shopping', 'Next.js', 'OneTrust Domain Verification', 'Optimizely Recommendations', 'PWA', 'Parcel', 'QUIC', 'Quotient', 'SMC', 'Site.pro', 'Tailwind CSS', 'Thank You', 'Tumblr', 'Twitter Ads', 'UTF-8', 'Yandex Hosting', 'YouTube', 'arsys.es']"
toryburch.eu,"Women's Designer Bags, Shoes, Accessories & Clothes | Tory Burch EU",,USA,77,246939,2025-11-06T09:53:38.88175259Z,"['ADFOX', 'Adobe Creative Cloud WebFonts', 'Adyen', 'Afterpay', 'Alternate Protocol', 'Amazon WAF Blocked', 'Amazon Widgets', 'Animate It', 'Apture Linking Platform', 'BLR', 'Bazaarvoice', 'Bazaarvoice Curations', 'CQuotient', 'Cart.com', 'Checkout.com', 'Coming Soon Page', 'Express', 'Fastly', 'Favorites for WordPress', 'GZIP Module', 'GetResponse', 'GitHub Hosting', 'Gladly', 'Google Analytics', 'Google My Business', 'Google Related Website Sites', 'Google Tag Manager', 'IcoMoon', 'Instagram Follow Button', 'Klarna', 'Microdata for Google Shopping', 'Next.js', 'OneTrust Domain Verification', 'PWA', 'Parcel', 'QUIC', 'Quotient', 'Site.pro', 'Tailwind CSS', 'Thank You', 'Tumblr', 'Twitter Ads', 'UTF-8', 'Yandex Hosting', 'YouTube', 'arsys.es']"
ancient-sounds.com,"Ancient Sounds | Royalty Free Sample Packs, Loops & More",,,82,18024,2025-11-06T08:10:12.923168289Z,"['Adyen', 'Alternate Protocol', 'Amazon WAF Blocked', 'Apache', 'Aruba', 'BunnyCDN General', 'CDN JS', 'Cloudflare', 'Cloudflare CDN', 'Customer Reviews for WooCommerce', 'Elegant Themes', 'Elementor', 'EmbedPress', 'Express', 'Facebook Reseller', 'Fireblade', 'GZIP Module', 'Google My Business', 'Google Tag Manager', 'Hello Elementor', 'Klarna', 'Lazy Load for WordPress', 'Microdata for Google Shopping', 'NFOrce Internet', 'PHP', 'PixelYourSite', 'ProfitWell', 'QUIC', 'Share Link', 'Table Addons for Elementor', 'Theme In WP', 'UTF-8', 'Ultimate Blocks', 'Woo Themes', 'WooCommerce', 'WooCommerce Checkout', 'WordPress', 'WordPress Multisite', 'eLand', 'jQuery']"
matific.ca,"Matific | Maths Games & Worksheets Online, Designed by Maths Experts",,AUS,87,100164,2025-11-06T01:29:38.936087Z,"['AWS WAF Challenge', 'Adobe Creative Cloud WebFonts', 'Adyen', 'Akamai Global Host', 'Alternate Protocol', 'Amazon', 'Amazon CloudFront', 'Amazon Cognito', 'Amazon Link Enchancer', 'Amazon Route 53', 'Amazon S3 CDN', 'Amazon WAF Blocked', 'Apple Auto Link Maker', 'Apture Linking Platform', 'Bing Cashback', 'CDN JS', 'CloudFront', 'Cloudflare', 'Cloudflare CDN', 'Cloudflare Stream', 'Content Delivery Network', 'CookieConsent', 'Cybot', 'DAV', 'DoubleClick Bid Manager', 'Facebook Reseller', 'Font Awesome', 'GZIP Module', 'GitHub Hosting', 'Google', 'Google Analytics', 'Google Cloud DNS', 'Google Font API', 'Google My Business', 'Google Play', 'Google Recommendations AI', 'Google Tag Manager', 'Heap', 'Help Scout', 'IcoMoon', 'JIRA', 'LinkedIn Pixel', 'Microsoft Clarity', 'Mixpanel', 'New Relic', 'Nginx', 'Ntent', 'Oribi Analytics', 'PWA', 'Pardot', 'Pleroma', 'QUIC', 'Report URI', 'StackPath', 'Storyblocks', 'Tailwind CSS', 'Twitter Ads', 'Twitter Analytics', 'UTF-8', 'University or College', 'Visual Website Optimizer', 'Wistia', 'Zendesk Embeddables', 'Zoho PageSense']"
frimeko.co.uk,Supplier of Workplace Products | AJ Products UK,AJ Products,IMN,82,115790,2025-11-05T22:26:38.935109423Z,"['Adyen', 'Alternate Protocol', 'Amazon WAF Blocked', 'ArvanCloud', 'Blue Box Group', 'Cloudflare', 'Criteo', 'Cybot', 'DoubleClick Bid Manager', 'Episerver Search Navigation', 'Express', 'GZIP Module', 'Google Analytics', 'Google My Business', 'Google Tag Manager', 'Instagram Follow Button', 'Microdata for Google Shopping', 'Optimizely Recommendations', 'Perl', 'QUIC', 'Raygun', 'Sleeknote', 'Thank You', 'Triggerbee', 'Twitter Ads', 'UTF-8', 'YouTube', 'eLand', 'jsDelivr']"
allblacknationalconvention.com,ABNC 2026,,,62,35140,2025-11-05T16:47:38.926959652Z,"['AWS WAF Challenge', 'Adyen', 'Aruba', 'Cloudflare', 'Cloudflare Web Analytics', 'Express', 'Fireblade', 'Google Analytics', 'Google Cloud DNS', 'Google Font API', 'Google My Business', 'Google Tag Manager', 'Idaq', 'MaxCDN', 'Tailwind CSS', 'Thank You', 'TicketSpice', 'Twitter Ads', 'UTF-8', 'Webconnex', 'eLand']"
wisestampede.com,Wise Coatings Stampede 2025,,ESP,72,35140,2025-11-05T16:26:38.988478414Z,"['AWS WAF Challenge', 'Adyen', 'Aruba', 'Cloudflare', 'Cloudflare Web Analytics', 'Express', 'Fireblade', 'Google Analytics', 'Google Cloud DNS', 'Google Font API', 'Google My Business', 'Google Tag Manager', 'Idaq', 'MaxCDN', 'Tailwind CSS', 'TicketSpice', 'Twitter Ads', 'UTF-8', 'Webconnex', 'YouTube', 'eLand']"
turkey-time.com,Turkey Time Drive,,GBR,67,35224,2025-11-05T14:26:38.885851479Z,"['AWS WAF Challenge', 'Adyen', 'Aruba', 'Cloudflare', 'Cloudflare Web Analytics', 'Express', 'Fireblade', 'Google Analytics', 'Google Cloud DNS', 'Google Font API', 'Google Forms', 'Google My Business', 'Google Tag Manager', 'Gravity', 'Idaq', 'MaxCDN', 'RegFox', 'Tailwind CSS', 'Twitter Ads', 'UTF-8', 'Unsplash', 'Webconnex', 'eLand']"
spa-achensee.aja.de,aja Fürstenhaus Achensee,,,67,95428,2025-11-05T11:51:29.666993337Z,"['Adyen', 'DoubleClick Bid Manager', 'Facebook Reseller', 'Fireblade', 'GZIP Module', 'Google', 'Google Analytics', 'Google Cloud CDN', 'Google Cloud DNS', 'Google Font API', 'Google My Business', 'Google Related Website Sites', 'Google Tag Manager', 'Instagram Follow Button', 'Nginx', 'Ogone', 'PayPal Adaptive Payments', 'Tealium', 'UTF-8', 'Zendesk Embeddables']"
ajproducts.ie,Supplier of Workplace Products | AJ Products IE,,FLK,77,132290,2025-11-05T10:47:38.91146224Z,"['Adyen', 'Alternate Protocol', 'Amazon WAF Blocked', 'ArvanCloud', 'Cloudflare', 'Criteo', 'Cybot', 'DoubleClick Bid Manager', 'Episerver Search Navigation', 'Express', 'Fireblade', 'GZIP Module', 'Google Analytics', 'Google My Business', 'Google Tag Manager', 'Instagram Follow Button', 'Microdata for Google Shopping', 'NFOrce Internet', 'Optimizely Recommendations', 'Perl', 'QUIC', 'Raygun', 'Sleeknote', 'Thank You', 'Triggerbee', 'UTF-8', 'YouTube', 'eLand', 'jsDelivr']"
live2leadtpa.com,Live2Lead Tampa Bay 2026,,USA,72,186700,2025-11-05T07:23:38.937261825Z,"['AWS WAF Challenge', 'Adyen', 'Alternate Protocol', 'Amazon S3 CDN', 'Apture Linking Platform', 'Aruba', 'Bing Cashback', 'Cloudflare', 'Cloudflare Web Analytics', 'Express', 'Fireblade', 'Google Analytics', 'Google Cloud DNS', 'Google Font API', 'Google Maps', 'Google My Business', 'Google Tag Manager', 'Idaq', 'MaxCDN', 'RegFox', 'Salesforce Hosted', 'Storyblocks', 'Tailwind CSS', 'Twitter Ads', 'UTF-8', 'University or College', 'Webconnex', 'YouTube', 'eLand', 'reCAPTCHA']"
thehomesteadevent.org,EAST TENNESSEE HOMESTEAD ALLIANCE FESTIVAL,,USA,77,44024,2025-11-04T19:23:38.931886959Z,"['AWS WAF Challenge', 'Adyen', 'Aruba', 'Bing Cashback', 'Cloudflare', 'Cloudflare Web Analytics', 'Express', 'Fireblade', 'Google Analytics', 'Google Cloud DNS', 'Google Font API', 'Google Maps', 'Google My Business', 'Google Tag Manager', 'Idaq', 'MaxCDN', 'RM Education', 'Tailwind CSS', 'TicketSpice', 'Twitter Ads', 'UTF-8', 'University or College', 'Unsplash', 'Webconnex', 'YouTube', 'eLand', 'reCAPTCHA']"
gskbrandhub.com,GSK Brand Hub - Login/Registration,,,42,20222,2025-11-04T19:17:38.89661428Z,"['AddThis for Wordpress', 'Adyen', 'Amazon', 'DoubleClick Bid Manager', 'Font Awesome', 'GZIP Module', 'Google', 'Google Analytics', 'Google Cloud DNS', 'Google Font API', 'Google My Business', 'Google Tag Manager', 'Perl', 'Stripe', 'Tealium', 'UTF-8']"
squiggly.info,Swatch Watch Bands • Official dealer • Mastersintime.com,Mastersintime.com,CAN,77,27389,2025-11-04T09:25:05.086090382Z,"['Adobe Creative Cloud WebFonts', 'Adyen', 'Alternate Protocol', 'Aruba', 'Coming Soon Page', 'Flat Icon', 'GZIP Module', 'GitHub Hosting', 'Google Analytics', 'Google Tag Manager', 'Hotjar', 'IcoMoon', 'Microdata for Google Shopping', 'Onyx Internet', 'PHP', 'Tailwind CSS', 'Trusted Shops', 'UTF-8', 'VWO Engage', 'Visual Website Optimizer', 'YouTube', 'eLand', 'reCAPTCHA', 'shadcn ui']"
jarabacoa2050.com,WhatsApp Group Invite,,,52,123508,2025-11-04T04:05:38.94119503Z,"['Adyen', 'Amazon Advertising Sizmek Ad Suite', 'Amazon WAF Blocked', 'AppNexus Direct', 'Apture Linking Platform', 'Booking Affiliate', 'Cloudflare', 'Content Delivery Network', 'DoubleClick Bid Manager', 'Facebook CDN', 'Fastly CDN', 'Fireblade', 'FormSubmit', 'Instagram Follow Button', 'Jetpack Site Accelerator', 'PHP', 'PWA', 'Pantheon', 'QUIC', 'Salesforce Hosted', 'Snowplow', 'Workday', 'YouTube']"
vida-verde.com,Vida-Verde | Homepage,,NLD,75,61818,2025-11-03T09:14:38.909314055Z,"['Adyen', 'Amazon WAF Blocked', 'Azure Edge', 'Baidu Cloud', 'CDN JS', 'ClickDimensions', 'Cloudflare', 'Cloudflare CDN', 'Cloudinary', 'DAV', 'DoubleClick Bid Manager', 'Facebook Reseller', 'GZIP Module', 'Google', 'Google Analytics', 'Google Cloud DNS', 'Google Font API', 'Google My Business', 'Google Reseller', 'Google Tag Manager', 'Instagram Follow Button', 'Microsoft 365', 'Microsoft Azure', 'Microsoft Azure Blob Storage', 'Microsoft Clarity', 'PayPal Adaptive Payments', 'QUIC', 'RM Education', 'Tailwind CSS', 'Tally', 'Thank You', 'Twitter Ads', 'UTF-8', 'Userlane', 'Yandex Hosting', 'YouTube', 'uPress']"
currykarandi.nl,Curry Karandi | Officiële Website ✅,,JPN,77,2931,2025-11-03T08:39:20.489548103Z,"['AJAX Libraries API', 'Adult Content', 'Adyen', 'Agoda', 'Amazon', 'Amazon CloudFront', 'Apache', 'CloudFront', 'ContentBox', 'CookieConsent', 'CoreUI', 'GZIP Module', 'Google Analytics', 'Google Cloud DNS', 'Google Maps', 'Google Tag Manager', 'Instagram Follow Button', 'Line2', 'Microdata for Google Shopping', 'Perl', 'QUIC', 'Schema Plugin', 'Ticket.io', 'UTF-8', 'jQuery']"
mynametags.ae,My Nametags | Personalised Name Labels for Kids,My Nametags,GBR,77,31399,2025-11-02T20:59:39.675994316Z,"['3 Products', 'Adyen', 'Alternate Protocol', 'Amazon', 'Bing Cashback', 'Bing Conversion Tracking', 'ByteDance', 'Content Delivery Network', 'CoreUI', 'DoubleClick Bid Manager', 'Facebook Login', 'Facebook Reseller', 'Feefo', 'Google', 'Google Analytics', 'Google Cloud CDN', 'Google Cloud DNS', 'Google Font API', 'Google My Business', 'Google Recommendations AI', 'Google Tag Manager', 'IcoMoon', 'Instagram Follow Button', 'Line2', 'Microdata for Google Shopping', 'Nginx', 'Parcel', 'PayPal Adaptive Payments', 'Pleroma', 'QUIC', 'Tailwind CSS', 'Trustpilot Reviews for WordPress', 'YouTube', 'eLand', 'reCAPTCHA', 'vzaar']"
mybestbook.ca,"Personalized children's books. A beautiful, unique gift.",,,62,8095,2025-11-02T13:32:38.9248205Z,"['Adyen', 'Alternate Protocol', 'Amazon', 'Apture Linking Platform', 'Bing Cashback', 'Bing Conversion Tracking', 'ByteDance', 'CDN JS', 'Cloudflare', 'Cloudflare CDN', 'Content Delivery Network', 'DoubleClick Bid Manager', 'Facebook Reseller', 'Google', 'Google Analytics', 'Google Cloud DNS', 'Google Cloud Storage', 'Google Matched Content', 'Google My Business', 'Google Reseller', 'Google Tag Manager', 'Highcharts', 'Instagram Follow Button', 'Klarna', 'Matomo Tag Manager', 'Microsoft Clarity', 'Nginx', 'PayPal Adaptive Payments', 'Pingdom RUM', 'Tailwind CSS', 'UTF-8', 'jQuery', 'jsDelivr']"
mybestbook.co.uk,Children’s books - a unique and heart-warming gift,,,62,8095,2025-11-02T13:32:38.922313876Z,"['Adyen', 'Alternate Protocol', 'Amazon', 'Apture Linking Platform', 'Bing Cashback', 'Bing Conversion Tracking', 'ByteDance', 'CDN JS', 'Cloudflare', 'Cloudflare CDN', 'Content Delivery Network', 'DoubleClick Bid Manager', 'Facebook Reseller', 'Google', 'Google Analytics', 'Google Cloud DNS', 'Google Cloud Storage', 'Google Matched Content', 'Google My Business', 'Google Reseller', 'Google Tag Manager', 'Highcharts', 'Instagram Follow Button', 'Klarna', 'Matomo Tag Manager', 'Microsoft Clarity', 'Nginx', 'PayPal Adaptive Payments', 'Pingdom RUM', 'Tailwind CSS', 'UTF-8', 'jQuery', 'jsDelivr']"
mybestbook.com,"Personalized children's books. A beautiful, unique gift.",,USA,72,8095,2025-11-02T13:32:38.922040794Z,"['Adyen', 'Alternate Protocol', 'Amazon', 'Apture Linking Platform', 'Bing Cashback', 'Bing Conversion Tracking', 'ByteDance', 'CDN JS', 'Cloudflare', 'Cloudflare CDN', 'Content Delivery Network', 'DoubleClick Bid Manager', 'Facebook Reseller', 'Google', 'Google Analytics', 'Google Cloud DNS', 'Google Cloud Storage', 'Google Matched Content', 'Google My Business', 'Google Reseller', 'Google Tag Manager', 'Highcharts', 'Instagram Follow Button', 'Klarna', 'Matomo Tag Manager', 'Microsoft Clarity', 'Nginx', 'PayPal Adaptive Payments', 'Pingdom RUM', 'Tailwind CSS', 'UTF-8', 'jQuery', 'jsDelivr']"
mybestbook.ie,Children’s books - a unique and heart-warming gift,,,62,8095,2025-11-02T13:32:38.92296739Z,"['Adyen', 'Alternate Protocol', 'Amazon', 'Apture Linking Platform', 'Bing Cashback', 'Bing Conversion Tracking', 'ByteDance', 'CDN JS', 'Cloudflare', 'Cloudflare CDN', 'Content Delivery Network', 'DoubleClick Bid Manager', 'Facebook Reseller', 'Google', 'Google Analytics', 'Google Cloud DNS', 'Google Cloud Storage', 'Google Matched Content', 'Google My Business', 'Google Reseller', 'Google Tag Manager', 'Highcharts', 'Instagram Follow Button', 'Klarna', 'Matomo Tag Manager', 'Microsoft Clarity', 'Nginx', 'PayPal Adaptive Payments', 'Pingdom RUM', 'Tailwind CSS', 'UTF-8', 'jQuery', 'jsDelivr']"
washburnpos.com,POS System Repairs and Solutions | Washburn Computer Group,Washburn Computer Group,USA,77,10659,2025-11-02T00:40:19.63535597Z,"['AJAX Libraries API', 'Adyen', 'Cisco/Arrowpoint Content Service Switch', 'Express', 'Font Awesome', 'GZIP Module', 'Gambling Content', 'Google', 'Google Analytics', 'Google Cloud CDN', 'Google Cloud DNS', 'Google Customer Reviews', 'Google Related Website Sites', 'Google Tag Manager', 'Microdata for Google Shopping', 'Nginx', 'Ntent', 'Oracle Cloud', 'QUIC', 'Schema Plugin', 'Tailwind CSS', 'UTF-8', 'Ubuntu', 'jQuery', 'jsDelivr']"
bricksmotion.co,Bricksmotion - Bricksmotion,,,60,236,2025-11-01T09:28:28.071824426Z,"['Adyen', 'Alternate Protocol', 'Amazon WAF Blocked', 'Aruba', 'ArvanCloud', 'Builder', 'Coming Soon Page', 'Content Delivery Network', 'Elegant Themes', 'ElementUI', 'EmbedPress', 'GZIP Module', 'Google Analytics', 'Google My Business', 'Google Tag Manager', 'Instagram Follow Button', 'Lazy Load for WordPress', 'Microdata for Google Shopping', 'Nginx', 'PHP', 'Paddle', 'Parcel', 'ProfitWell', 'Share Link', 'Sitelinks Search Box', 'Theme In WP', 'UTF-8', 'Ultimate Blocks', 'WordPress', 'WordPress Multisite', 'YouTube', 'eLand', 'jQuery', 'jsDelivr']"
skrolamentos.com.br,Inicio,,BRA,55,30729,2025-11-01T07:02:38.973806379Z,"['Adyen', 'Alternate Protocol', 'Amazon Advertising Sizmek Ad Suite', 'Apache', 'Apture Linking Platform', 'Booking Affiliate', 'ClickOn', 'DAV', 'DoubleClick Bid Manager', 'Express', 'Facebook CDN', 'Financial Services Guide', 'FormSubmit', 'GZIP Module', 'Google', 'Google Cloud CDN', 'Google Cloud DNS', 'Google Font API', 'Google My Business', 'Google Related Website Sites', 'Instagram Follow Button', 'Jetpack Site Accelerator', 'K2F', 'Microdata for Google Shopping', 'Microsoft Azure', 'No-Q', 'PHP', 'Pantheon', 'QUIC', 'SMC', 'Schema Plugin', 'Subversion', 'UTF-8']"
dohop.org,Dohop Connect,,,62,82654,2025-11-01T04:11:38.935895765Z,"['AWS WAF Challenge', 'Adyen', 'Alternate Protocol', 'Amazon WAF Blocked', 'Aruba', 'Azion', 'Booking Affiliate', 'Cartrawler', 'Content Delivery Network', 'DAV', 'DatoCMS', 'DoubleClick Bid Manager', 'Ethy', 'Express', 'Financial Services Guide', 'Fireblade', 'GetYourGuide', 'Google', 'Google Analytics', 'Google My Business', 'Google Pay', 'Google Tag Manager', 'Imgix', 'KAYAK', 'KVH', 'Microdata for Google Shopping', 'Mixpanel', 'Next.js', 'No-Q', 'PWA', 'PartnerPage', 'Pleroma', 'QUIC', 'RM Education', 'Radix UI', 'Skyscanner', 'Subversion', 'Thank You', 'Typeform', 'UTF-8', 'Vector Internet Services', 'Vercel', 'Zendesk Embeddables', 'eLand']"
